Organism,treatment,experiment,experiment_ID,spider_ID,picture_ID,date,prosoma_length_cm,prosoma_width_cm,opisthosoma_length_cm,opisthosoma_width_cm,comment
spider,start,M2,225,225,CIMG3180,08.07.2019,0.392,0.221,0.867,0.302,spider tilted
spider,start,M2,224,224,CIMG3177,08.07.2019,0.323,0.196,0.796,0.251,spider tilted
spider,start,M2,216,216,CIMG3157,08.07.2019,0.265,0.216,0.771,0.261,
spider,start,M2,215,215,CIMG3153,08.07.2019,0.28,0.228,0.742,0.241,
spider,fishfood,M2,fishfood_12,214,CIMG3150,08.07.2019,0.263,0.22,0.827,0.285,
spider,leaves,M2,leaves_19,210,CIMG3137,08.07.2019,0.289,0.238,0.863,0.318,
spider,leaves,M2,leaves_1,207,CIMG3128,08.07.2019,0.277,0.218,0.817,0.272,
spider,start,M2,205,205,CIMG3123,08.07.2019,0.263,0.211,0.614,0.263,
spider,start,M2,203,203,CIMG3117,08.07.2019,0.265,0.211,0.72,0.273,
spider,start,M2,202,202,CIMG3113,08.07.2019,0.283,0.232,0.794,0.234,
spider,fishfood,M2,fishfood_19,199,CIMG3106,08.07.2019,0.273,0.198,0.631,0.223,
spider,fishfood,M2,fishfood_1,198,CIMG3103,08.07.2019,0.243,0.247,0.805,0.32,
spider,fishfood,M2,fishfood_5,196,CIMG3098,08.07.2019,0.276,0.24,0.753,0.247,
spider,leaves,M2,leaves_20,192,CIMG3085,08.07.2019,0.273,0.26,0.745,0.241,
spider,start,M2,187,187,CIMG3069,08.07.2019,0.174,0.193,0.606,0.206,
spider,leaves,M2,leaves_15,183,CIMG3057,08.07.2019,0.252,0.208,0.704,0.178,
spider,oatmeal,M2,oatmeal_2,182,CIMG3055,08.07.2019,0.27,0.194,0.609,0.196,
spider,start,M2,181,181,CIMG3052,08.07.2019,0.284,0.187,0.561,0.186,
spider,leaves,M2,leaves_11,179,CIMG3044,08.07.2019,0.315,0.219,0.717,0.265,
spider,fishfood,M2,fishfood_4,175,CIMG3032,08.07.2019,0.263,0.191,0.569,0.246,
spider,oatmeal,M2,oatmeal_2,171,CIMG3024,08.07.2019,0.319,0.221,0.767,0.252,
spider,fishfood,M2,fishfood_2,170,CIMG3021,08.07.2019,0.274,0.217,0.698,0.253,
spider,start,M2,168,168,CIMG3014,08.07.2019,0.237,0.195,0.693,0.22,
spider,start,M2,165,165,CIMG3005,08.07.2019,0.237,0.197,0.692,0.259,
spider,start,M2,164,164,CIMG3002,08.07.2019,0.22,0.18,0.749,0.273,
spider,start,M2,163,163,CIMG2999,08.07.2019,0.293,0.264,0.799,0.245,
spider,fishfood,M2,fishfood_4,162,CIMG2996,08.07.2019,0.284,0.197,0.621,0.209,
spider,fishfood,M2,fishfood_7,161,CIMG2994,08.07.2019,0.267,0.211,0.736,0.223,
spider,fishfood,M2,fishfood_1,148,CIMG2065,08.07.2019,0.292,0.225,0.716,0.226,
spider,fishfood,M2,fishfood_2,147,CIMG2962,08.07.2019,0.344,0.244,0.722,0.213,
spider,leaves,M2,leaves_17,144,CIMG2957,08.07.2019,0.309,0.258,0.798,0.251,
spider,start,M2,141,141,CIMG2953,08.07.2019,0.331,0.23,0.767,0.229,
spider,start,M2,138,138,CIMG2946,08.07.2019,0.252,0.187,0.655,0.216,
spider,fishfood,M2,fishfood_4,136,CIMG2941,08.07.2019,0.267,0.207,0.698,0.207,
spider,oatmeal,M2,oatmeal_19,135,CIMG2937,08.07.2019,0.3,0.24,0.761,0.213,
spider,start,M2,133,133,CIMG2929,08.07.2019,0.272,0.246,0.731,0.212,
spider,fishfood,M2,fishfood_14,131,CIMG2924,08.07.2019,0.335,0.226,0.757,0.216,
spider,start,M1,129,129,2019-05-03 14.03.27,03.05.2019,0.309,0.256,0.757,0.243,replace spider
spider,start,M1,128,128,2019-05-03 14.00.09,03.05.2019,0.244,0.2,0.675,0.247,replace spider
spider,start,M1,125,125,2019-05-03 13.52.40,03.05.2019,0.318,0.236,0.769,0.22,replace spider
spider,start,M1,115,115,2019-04-20 15.04.33,29.04.2019,0.31,0.24,0.792,0.205,
spider,start,M1,111,111,2019-04-20 14.56.19,29.04.2019,0.365,0.276,0.926,0.319,
spider,start,M1,106,106,2019-04-20 14.46.35,29.04.2019,0.332,0.209,0.74,0.222,
spider,start,M1,101,101,2019-04-20 14.37.40,29.04.2019,0.302,0.217,0.719,0.24,
spider,start,M1,86,86,2019-04-20 14.04.46,29.04.2019,0.292,0.203,0.88,0.372,
spider,start,M1,81,81,2019-04-20 13.57.26,29.04.2019,0.248,0.205,0.591,0.217,
spider,start,M1,79,79,2019-04-20 13.54.17,29.04.2019,0.295,0.212,0.656,0.215,
spider,start,M1,78,78,2019-04-20 13.52.08,29.04.2019,0.287,0.222,0.763,0.302,
spider,start,M1,74,74,2019-04-20 13.45.16,29.04.2019,0.291,0.186,0.702,0.293,
spider,start,M1,70,70,2019-04-20 13.38.09,29.04.2019,0.31,0.25,0.804,0.296,
spider,start,M1,65,65,2019-04-20 13.31.06,29.04.2019,0.308,0.221,0.812,0.317,
spider,start,M1,63,63,2019-04-20 13.27.18,29.04.2019,0.398,0.308,0.969,0.393,
spider,start,M1,59,59,2019-04-20 13.20.36,29.04.2019,0.3,0.241,0.77,0.258,
spider,start,M1,49,49,2019-04-20 12.57.24,29.04.2019,0.305,0.214,0.712,0.212,
spider,start,M1,48,48,2019-04-20 12.55.58,29.04.2019,0.242,0.22,0.737,0.29,
spider,start,M1,44,44,2019-04-20 12.47.17,29.04.2019,0.292,0.221,0.74,0.244,
spider,start,M1,39,39,2019-04-20 12.22.35,29.04.2019,0.346,0.299,1.146,0.38,
spider,start,M1,38,38,2019-04-20 11.03.39,29.04.2019,0.298,0.235,0.771,0.267,
spider,start,M1,24,24,2019-04-20 10.11.08,29.04.2019,0.263,0.201,0.669,0.234,
spider,oatmeal,M2,oatmeal_18,228,CIMG3307,15.07.2019,0.29,0.228,0.691,0.206,
spider,oatmeal,M2,oatmeal_18,228,20190722_091000,22.07.2019,0.286,0.211,0.603,0.195,
spider,oatmeal,M2,oatmeal_18,228,CIMG3189,08.07.2019,0.309,0.195,0.667,0.18,
spider,oatmeal,M2,oatmeal_16,223,CIMG3316,15.07.2019,0.253,0.195,0.63,0.234,
spider,oatmeal,M2,oatmeal_16,223,20190722_085725,22.07.2019,0.322,0.219,0.812,0.274,
spider,oatmeal,M2,oatmeal_16,223,CIMG3174,08.07.2019,0.31,0.23,0.828,0.274,
spider,oatmeal,M2,oatmeal_7,222,CIMG3216,15.07.2019,0.28,0.247,0.849,0.29,
spider,oatmeal,M2,oatmeal_7,222,20190722_075505,22.07.2019,0.306,0.235,0.795,0.321,
spider,oatmeal,M2,oatmeal_7,222,CIMG3172,08.07.2019,0.308,0.197,0.59,0.167,
spider,oatmeal,M2,oatmeal_1,221,CIMG3347,15.07.2019,0.215,0.206,0.679,0.259,
spider,oatmeal,M2,oatmeal_1,221,20190722_085325,22.07.2019,0.266,0.216,0.728,0.283,
spider,oatmeal,M2,oatmeal_1,221,CIMG3169,08.07.2019,0.307,0.175,0.749,0.219,
spider,oatmeal,M2,oatmeal_2,218,CIMG3257,15.07.2019,0.28,0.201,0.744,0.227,
spider,oatmeal,M2,oatmeal_2,218,20190722_081446,22.07.2019,0.332,0.219,0.664,0.268,
spider,oatmeal,M2,oatmeal_2,218,CIMG3388,29.07.2019,0.232,0.19,0.536,0.201,
spider,oatmeal,M2,oatmeal_2,218,CIMG3162,08.07.2019,0.335,0.264,0.847,0.274,
spider,oatmeal,M2,oatmeal_19,217,20190722_083325,22.07.2019,0.277,0.225,0.816,0.297,
spider,oatmeal,M2,oatmeal_19,217,CIMG3429,29.07.2019,0.232,0.197,0.669,0.211,
spider,oatmeal,M2,oatmeal_19,217,CIMG3160,08.07.2019,0.34,0.22,0.744,0.205,
spider,oatmeal,M2,oatmeal_5,204,CIMG3229,15.07.2019,0.294,0.229,0.741,0.219,
spider,oatmeal,M2,oatmeal_5,204,20190722_083634,22.07.2019,0.304,0.244,0.733,0.22,
spider,oatmeal,M2,oatmeal_5,204,CIMG3411,29.07.2019,0.267,0.207,0.647,0.244,
spider,oatmeal,M2,oatmeal_5,204,CIMG3119,08.07.2019,0.288,0.228,0.701,0.207,
spider,oatmeal,M2,oatmeal_14,195,CIMG3284,15.07.2019,0.3,0.215,0.663,0.215,
spider,oatmeal,M2,oatmeal_14,195,20190722_091251,22.07.2019,0.333,0.239,0.702,0.232,
spider,oatmeal,M2,oatmeal_14,195,CIMG3094,08.07.2019,0.301,0.224,0.687,0.212,
spider,oatmeal,M2,oatmeal_10,190,CIMG3295,15.07.2019,0.23,0.253,0.886,0.345,
spider,oatmeal,M2,oatmeal_10,190,20190722_090836,22.07.2019,0.282,0.21,0.854,0.266,
spider,oatmeal,M2,oatmeal_10,190,CIMG3078,08.07.2019,0.255,0.21,0.762,0.25,
spider,oatmeal,M2,oatmeal_13,189,CIMG3332,15.07.2019,0.23,0.191,0.572,0.174,
spider,oatmeal,M2,oatmeal_13,189,20190722_085214,22.07.2019,0.351,0.251,0.866,0.286,
spider,oatmeal,M2,oatmeal_13,189,CIMG3076,08.07.2019,0.244,0.215,0.59,0.222,
spider,oatmeal,M2,oatmeal_3,186,CIMG3236,15.07.2019,0.281,0.249,0.969,0.317,
spider,oatmeal,M2,oatmeal_3,186,20190722_082034,22.07.2019,0.332,0.269,0.993,0.348,
spider,oatmeal,M2,oatmeal_3,186,CIMG3432,29.07.2019,0.272,0.225,0.709,0.26,
spider,oatmeal,M2,oatmeal_3,186,CIMG3066,08.07.2019,0.299,0.235,0.788,0.249,
spider,oatmeal,M2,oatmeal_6,167,CIMG3211,15.07.2019,0.244,0.23,0.58,0.184,
spider,oatmeal,M2,oatmeal_6,167,CIMG3377,15.07.2019,0.211,0.194,0.642,0.25,foto nach f√ºtterung
spider,oatmeal,M2,oatmeal_6,167,20190722_075940,22.07.2019,0.288,0.215,0.676,0.224,
spider,oatmeal,M2,oatmeal_6,167,CIMG3415,29.07.2019,0.196,0.205,0.605,0.191,
spider,oatmeal,M2,oatmeal_6,167,CIMG3011,08.07.2019,0.264,0.203,0.693,0.22,
spider,oatmeal,M2,oatmeal_20,160,CIMG3310,15.07.2019,0.281,0.223,0.763,0.248,
spider,oatmeal,M2,oatmeal_20,160,20190722_091344,22.07.2019,0.321,0.236,0.759,0.254,
spider,oatmeal,M2,oatmeal_20,160,CIMG2991,08.07.2019,0.239,0.201,0.785,0.231,
spider,oatmeal,M2,oatmeal_4,159,CIMG3312,15.07.2019,0.275,0.216,0.862,0.336,
spider,oatmeal,M2,oatmeal_4,159,20190722_090755,22.07.2019,0.286,0.229,0.898,0.317,
spider,oatmeal,M2,oatmeal_4,159,CIMG2989,08.07.2019,0.306,0.224,0.916,0.335,
spider,oatmeal,M2,oatmeal_17,157,CIMG3269,15.07.2019,0.29,0.223,0.666,0.247,
spider,oatmeal,M2,oatmeal_17,157,20190722_092113,22.07.2019,0.255,0.174,0.581,0.183,
spider,oatmeal,M2,oatmeal_17,157,CIMG2984,08.07.2019,0.233,0.204,0.64,0.24,
spider,oatmeal,M2,oatmeal_12,154,CIMG3207,15.07.2019,0.335,0.238,0.712,0.229,
spider,oatmeal,M2,oatmeal_12,154,20190722_080909,22.07.2019,0.334,0.259,0.773,0.258,
spider,oatmeal,M2,oatmeal_12,154,CIMG2981,08.07.2019,0.316,0.239,0.749,0.239,
spider,oatmeal,M2,oatmeal_9,146,CIMG3220,15.07.2019,0.306,0.201,0.783,0.264,
spider,oatmeal,M2,oatmeal_9,146,20190722_083525,22.07.2019,0.27,0.227,0.827,0.263,
spider,oatmeal,M2,oatmeal_9,146,CIMG2960,08.07.2019,0.274,0.209,0.756,0.245,
spider,oatmeal,M2,oatmeal_15,134,CIMG3254,15.07.2019,0.284,0.242,0.832,0.276,
spider,oatmeal,M2,oatmeal_15,134,20190722_081850,22.07.2019,0.256,0.248,0.75,0.291,
spider,oatmeal,M2,oatmeal_15,134,CIMG2932,08.07.2019,0.276,0.183,0.644,0.169,
spider,oatmeal,M2,oatmeal_8,132,CIMG3213,15.07.2019,0.31,0.229,0.721,0.27,
spider,oatmeal,M2,oatmeal_8,132,20190722_075315,22.07.2019,0.298,0.196,0.725,0.21,
spider,oatmeal,M2,oatmeal_8,132,CIMG3436,29.07.2019,0.26,0.206,0.655,0.237,
spider,oatmeal,M2,oatmeal_8,132,CIMG2916,08.07.2019,0.245,0.223,0.696,0.237,
spider,oatmeal,M2,oatmeal_11,130,CIMG3239,15.07.2019,0.311,0.238,0.731,0.256,
spider,oatmeal,M2,oatmeal_11,130,20190722_082342,22.07.2019,0.32,0.252,0.733,0.227,
spider,oatmeal,M2,oatmeal_11,130,CIMG2921,08.07.2019,0.294,0.233,0.74,0.233,
spider,oatmeal,M1,oatmeal_1,126,2019-05-03 13.54.57,03.05.2019,0.268,0.273,0.983,0.361,replace spider
spider,oatmeal,M1,oatmeal_1,126,2019-05-07 12.44.19,07.05.2019,0.328,0.236,0.968,0.303,replace spider
spider,oatmeal,M1,oatmeal_5,123,CIMG2162,08.05.2019,0.274,0.173,0.74,0.266,
spider,oatmeal,M1,oatmeal_5,123,CIMG2293,15.05.2019,0.301,0.218,0.623,0.214,
spider,oatmeal,M1,oatmeal_5,123,CIMG2479,22.05.2019,0.235,0.204,0.514,0.164,dead
spider,oatmeal,M1,oatmeal_5,123,2019-05-03 13.47.05,03.05.2019,0.25,0.244,0.704,0.303,replace spider
spider,oatmeal,M1,oatmeal_5,123,2019-05-07 12.41.19,07.05.2019,0.23,0.192,0.678,0.277,replace spider
spider,oatmeal,M1,oatmeal_13,113,CIMG1993,08.05.2019,0.333,0.209,0.801,0.239,
spider,oatmeal,M1,oatmeal_13,113,CIMG2376,15.05.2019,0.329,0.222,0.763,0.23,
spider,oatmeal,M1,oatmeal_13,113,CIMG2467,22.05.2019,0.282,0.228,0.478,0.232,dead
spider,oatmeal,M1,oatmeal_13,113,2019-04-20 14.59.42,29.04.2019,0.252,0.228,0.87,0.352,
spider,oatmeal,M1,oatmeal_15,99,CIMG2128,08.05.2019,0.243,0.2,0.685,0.208,
spider,oatmeal,M1,oatmeal_15,99,CIMG2299,15.05.2019,0.286,0.227,0.501,0.182,
spider,oatmeal,M1,oatmeal_15,99,2019-04-20 14.34.01,29.04.2019,0.295,0.244,0.89,0.307,
spider,oatmeal,M1,oatmeal_18,96,CIMG2033,08.05.2019,0.224,0.166,0.672,0.174,
spider,oatmeal,M1,oatmeal_18,96,CIMG2250,15.05.2019,0.253,0.23,0.689,0.243,
spider,oatmeal,M1,oatmeal_18,96,CIMG2528,22.05.2019,0.218,0.164,0.662,0.205,
spider,oatmeal,M1,oatmeal_18,96,CIMG2613,29.05.2019,0.261,0.202,0.638,0.202,
spider,oatmeal,M1,oatmeal_18,96,CIMG2684,05.06.2019,0.225,0.199,0.718,0.204,
spider,oatmeal,M1,oatmeal_18,96,CIMG2764,12.06.2019,0.219,0.251,0.835,0.309,
spider,oatmeal,M1,oatmeal_18,96,2019-04-20 14.30.02,29.04.2019,0.246,0.203,0.688,0.219,
spider,oatmeal,M1,oatmeal_6,94,CIMG1999,08.05.2019,0.283,0.227,0.798,0.23,
spider,oatmeal,M1,oatmeal_6,94,CIMG2329,15.05.2019,0.334,0.284,0.766,0.233,
spider,oatmeal,M1,oatmeal_6,94,CIMG2474,22.05.2019,0.311,0.247,0.784,0.224,
spider,oatmeal,M1,oatmeal_6,94,CIMG2656,29.05.2019,0.297,0.243,0.389,0.188,dead
spider,oatmeal,M1,oatmeal_6,94,2019-04-20 14.26.40,29.04.2019,0.281,0.216,0.823,0.311,
spider,oatmeal,M1,oatmeal_20,90,CIMG1943,08.05.2019,0.222,0.178,0.596,0.186,
spider,oatmeal,M1,oatmeal_20,90,CIMG2240,15.05.2019,0.247,0.207,0.603,0.247,
spider,oatmeal,M1,oatmeal_20,90,CIMG2555,22.05.2019,0.258,0.18,0.557,0.167,
spider,oatmeal,M1,oatmeal_20,90,CIMG2619,29.05.2019,0.293,0.215,0.567,0.189,
spider,oatmeal,M1,oatmeal_20,90,CIMG2718,05.06.2019,0.287,0.191,0.578,0.184,
spider,oatmeal,M1,oatmeal_20,90,CIMG2756,12.06.2019,0.275,0.217,0.6,0.198,
spider,oatmeal,M1,oatmeal_20,90,2019-04-20 14.12.58,29.04.2019,0.268,0.229,0.637,0.259,
spider,oatmeal,M1,oatmeal_2,85,CIMG2081,08.05.2019,0.217,0.207,0.712,0.19,
spider,oatmeal,M1,oatmeal_2,85,CIMG2269,15.05.2019,0.248,0.191,0.638,0.24,
spider,oatmeal,M1,oatmeal_2,85,CIMG2447,22.05.2019,0.253,0.187,0.73,0.2,
spider,oatmeal,M1,oatmeal_2,85,CIMG2650,29.05.2019,0.251,0.188,0.757,0.222,
spider,oatmeal,M1,oatmeal_2,85,CIMG2702,05.06.2019,0.226,0.192,0.742,0.263,
spider,oatmeal,M1,oatmeal_2,85,CIMG2779,12.06.2019,0.233,0.158,0.716,0.255,
spider,oatmeal,M1,oatmeal_2,85,2019-04-20 14.03.36,29.04.2019,0.291,0.205,0.726,0.273,blurry
spider,oatmeal,M1,oatmeal_4,83,CIMG2062,08.05.2019,0.273,0.171,0.684,0.208,prosoma blurry
spider,oatmeal,M1,oatmeal_4,83,CIMG2296,15.05.2019,0.255,0.162,0.71,0.226,
spider,oatmeal,M1,oatmeal_4,83,CIMG2450,22.05.2019,0.261,0.203,0.716,0.248,
spider,oatmeal,M1,oatmeal_4,83,CIMG2669,29.05.2019,0.295,0.21,0.611,0.214,
spider,oatmeal,M1,oatmeal_4,83,CIMG2694,05.06.2019,0.281,0.218,0.697,0.18,
spider,oatmeal,M1,oatmeal_4,83,CIMG2767,12.06.2019,0.263,0.234,0.705,0.204,
spider,oatmeal,M1,oatmeal_4,83,2019-04-20 14.00.21,29.04.2019,0.241,0.188,0.718,0.236,
spider,oatmeal,M1,oatmeal_7,80,CIMG1974,08.05.2019,0.325,0.226,0.753,0.238,
spider,oatmeal,M1,oatmeal_7,80,CIMG2223,15.05.2019,0.353,0.235,0.75,0.23,
spider,oatmeal,M1,oatmeal_7,80,CIMG2510,22.05.2019,0.278,0.229,0.721,0.258,
spider,oatmeal,M1,oatmeal_7,80,CIMG2624,29.05.2019,0.242,0.207,0.774,0.248,prosoma hard to mesure
spider,oatmeal,M1,oatmeal_7,80,CIMG2738,05.06.2019,0.357,0.161,0.331,0.255,dead
spider,oatmeal,M1,oatmeal_7,80,2019-04-20 13.55.15,29.04.2019,0.296,0.225,0.864,0.367,
spider,oatmeal,M1,oatmeal_12,73,CIMG2195,08.05.2019,0.266,0.207,0.671,0.221,
spider,oatmeal,M1,oatmeal_12,73,CIMG2370,15.05.2019,0.309,0.241,0.736,0.216,
spider,oatmeal,M1,oatmeal_12,73,CIMG2539,22.05.2019,0.302,0.232,0.677,0.211,
spider,oatmeal,M1,oatmeal_12,73,2019-04-20 13.44.19,29.04.2019,0.261,0.212,0.745,0.299,
spider,oatmeal,M1,oatmeal_8,72,CIMG2014,08.05.2019,0.275,0.23,0.714,0.294,
spider,oatmeal,M1,oatmeal_8,72,CIMG2254,15.05.2019,0.276,0.22,0.519,0.202,
spider,oatmeal,M1,oatmeal_8,72,CIMG2515,22.05.2019,0.239,0.205,0.662,0.183,
spider,oatmeal,M1,oatmeal_8,72,CIMG2609,29.05.2019,0.269,0.238,0.733,0.227,
spider,oatmeal,M1,oatmeal_8,72,CIMG2690,05.06.2019,0.216,0.204,0.756,0.272,
spider,oatmeal,M1,oatmeal_8,72,CIMG2771,12.06.2019,0.269,0.224,0.664,0.234,
spider,oatmeal,M1,oatmeal_8,72,2019-04-20 13.41.47,29.04.2019,0.272,0.185,0.628,0.223,
spider,oatmeal,M1,oatmeal_16,68,CIMG2114,08.05.2019,0.267,0.165,0.672,0.155,spider tilted
spider,oatmeal,M1,oatmeal_16,68,CIMG2342,15.05.2019,0.293,0.21,0.661,0.188,
spider,oatmeal,M1,oatmeal_16,68,CIMG2548,22.05.2019,0.262,0.202,0.601,0.208,
spider,oatmeal,M1,oatmeal_16,68,2019-04-20 13.35.43,29.04.2019,0.33,0.249,0.811,0.247,
spider,oatmeal,M1,oatmeal_14,66,CIMG1972,08.05.2019,0.365,0.188,0.709,0.2,prosoma width blurred/hard to mesure
spider,oatmeal,M1,oatmeal_14,66,CIMG2228,15.05.2019,0.297,0.207,0.664,0.18,
spider,oatmeal,M1,oatmeal_14,66,2019-04-20 13.32.11,29.04.2019,0.269,0.237,0.737,0.292,
spider,oatmeal,M1,oatmeal_10,60,CIMG2189,08.05.2019,0.279,0.198,0.655,0.183,
spider,oatmeal,M1,oatmeal_10,60,CIMG2362,15.05.2019,0.261,0.175,0.536,0.137,
spider,oatmeal,M1,oatmeal_10,60,CIMG2531,22.05.2019,0.255,0.187,0.608,0.162,
spider,oatmeal,M1,oatmeal_10,60,2019-04-20 13.21.29,29.04.2019,0.253,0.232,0.769,0.273,
spider,oatmeal,M1,oatmeal_11,57,CIMG2002,08.05.2019,0.254,0.194,0.691,0.179,
spider,oatmeal,M1,oatmeal_11,57,CIMG2332,15.05.2019,0.251,0.203,0.556,0.174,
spider,oatmeal,M1,oatmeal_11,57,CIMG2471,22.05.2019,0.273,0.201,0.659,0.213,
spider,oatmeal,M1,oatmeal_11,57,CIMG1596,29.05.2019,0.244,0.203,0.642,0.241,
spider,oatmeal,M1,oatmeal_11,57,CIMG2714,05.06.2019,0.278,0.249,0.811,0.311,
spider,oatmeal,M1,oatmeal_11,57,CIMG2773,12.06.2019,0.232,0.223,0.774,0.269,
spider,oatmeal,M1,oatmeal_11,57,2019-04-20 13.15.06,29.04.2019,0.296,0.243,0.717,0.249,
spider,oatmeal,M1,oatmeal_19,56,CIMG2138,08.05.2019,0.256,0.167,0.609,0.142,
spider,oatmeal,M1,oatmeal_19,56,CIMG2302,15.05.2019,0.275,0.202,0.676,0.165,
spider,oatmeal,M1,oatmeal_19,56,CIMG2485,22.05.2019,0.212,0.224,0.386,0.167,dead
spider,oatmeal,M1,oatmeal_19,56,2019-04-20 13.11.45,29.04.2019,0.332,0.236,0.777,0.26,
spider,oatmeal,M1,oatmeal_5,54,CIMG2583,22.05.2019,0.287,0.222,0.618,0.192,dead
spider,oatmeal,M1,oatmeal_5,54,2019-04-20 13.07.48,29.04.2019,0.332,0.222,0.894,0.343,
spider,oatmeal,M1,oatmeal_17,46,CIMG2043,08.05.2019,0.239,0.208,0.613,0.184,
spider,oatmeal,M1,oatmeal_17,46,CIMG2234,15.05.2019,0.321,0.223,0.665,0.171,
spider,oatmeal,M1,oatmeal_17,46,CIMG2545,22.05.2019,0.226,0.205,0.61,0.197,
spider,oatmeal,M1,oatmeal_17,46,CIMG2627,29.05.2019,0.214,0.184,0.613,0.214,
spider,oatmeal,M1,oatmeal_17,46,2019-04-20 12.51.54,29.04.2019,0.326,0.247,0.826,0.356,
spider,oatmeal,M1,oatmeal_3,42,CIMG2177,08.05.2019,0.327,0.223,0.87,0.27,
spider,oatmeal,M1,oatmeal_3,42,CIMG2308,15.05.2019,0.319,0.28,0.722,0.288,
spider,oatmeal,M1,oatmeal_3,42,CIMG2567,22.05.2019,0.289,0.225,0.735,0.239,
spider,oatmeal,M1,oatmeal_3,42,2019-04-20 12.32.53,29.04.2019,0.293,0.246,1.091,0.4,
spider,oatmeal,M1,oatmeal_9,36,CIMG2181,08.05.2019,0.24,0.155,0.667,0.181,spider tilted
spider,oatmeal,M1,oatmeal_9,36,CIMG2325,15.05.2019,0.278,0.191,0.614,0.166,
spider,oatmeal,M1,oatmeal_9,36,CIMG2543,22.05.2019,0.256,0.19,0.625,0.158,
spider,oatmeal,M1,oatmeal_9,36,2019-04-20 10.55.19,29.04.2019,0.3,0.205,0.711,0.226,
spider,oatmeal,M1,oatmeal_1,126,CIMG2186,08.05.2019,0.295,0.199,0.885,0.26,
spider,oatmeal,M1,oatmeal_1,126,CIMG2365,15.05.2019,0.356,0.28,0.826,0.264,
spider,oatmeal,M1,oatmeal_1,126,CIMG2497,22.05.2019,0.29,0.217,1.027,0.309,
spider,oatmeal,M1,oatmeal_1,27,2019-04-20 10.23.01,29.04.2019,0.235,0.191,0.669,0.248,
spider,oatmeal,M2,oatmeal_2,218,,26.07.2019,0.253,0.22,0.542,0.184,"dead, without mm-paper"
spider,oatmeal,M2,oatmeal_11,130,,26.07.2019,0.255,0.201,0.445,0.211,"dead, without mm-paper"
spider,oatmeal,M2,oatmeal_15,134,20190726_105403,26.07.2019,0.248,0.185,0.466,0.204,"dead, without mm-paper; opisthosoma bent"
spider,leaves,M2,leaves_14,227,CIMG3281,15.07.2019,0.217,0.171,0.636,0.184,
spider,leaves,M2,leaves_14,227,20190722_084735,22.07.2019,0.265,0.191,0.688,0.274,
spider,leaves,M2,leaves_14,227,CIMG3186,08.07.2019,0.281,0.216,0.652,0.221,
spider,leaves,M2,leaves_6,226,CIMG3260,15.07.2019,0.289,0.192,0.662,0.189,
spider,leaves,M2,leaves_6,226,20190722_081321,22.07.2019,0.301,0.232,0.785,0.275,
spider,leaves,M2,leaves_6,226,CIMG3182,08.07.2019,0.278,0.186,0.757,0.31,spider tilted
spider,leaves,M2,leaves_13,220,CIMG3292,15.07.2019,0.396,0.292,0.931,0.31,
spider,leaves,M2,leaves_13,220,20190722_091124,22.07.2019,0.359,0.221,0.795,0.275,
spider,leaves,M2,leaves_13,220,CIMG3167,08.07.2019,0.249,0.206,0.666,0.217,
spider,leaves,M2,leaves_15,211,CIMG3357,15.07.2019,0.274,0.198,0.701,0.254,
spider,leaves,M2,leaves_15,211,20190722_092159,22.07.2019,0.274,0.207,0.668,0.221,
spider,leaves,M2,leaves_15,211,CIMG3140,08.07.2019,0.225,0.175,0.625,0.186,
spider,leaves,M2,leaves_11,209,CIMG3361,15.07.2019,0.234,0.203,0.814,0.23,
spider,leaves,M2,leaves_11,209,20190722_082208,22.07.2019,0.267,0.211,0.621,0.232,
spider,leaves,M2,leaves_11,209,CIMG3403,29.07.2019,0.242,0.255,0.22,0.206,
spider,leaves,M2,leaves_11,209,CIMG3134,08.07.2019,0.255,0.197,0.758,0.293,
spider,leaves,M2,leaves_20,208,CIMG3193,15.07.2019,0.271,0.216,0.74,0.24,
spider,leaves,M2,leaves_20,208,20190722_091733,22.07.2019,0.273,0.23,0.816,0.232,
spider,leaves,M2,leaves_20,208,CIMG3131,08.07.2019,0.339,0.214,0.704,0.216,
spider,leaves,M2,leaves_2,197,CIMG3226,15.07.2019,0.298,0.23,0.817,0.239,
spider,leaves,M2,leaves_2,197,CIMG3101,08.07.2019,0.267,0.246,0.701,0.185,
spider,leaves,M2,leaves_16,194,CIMG3263,15.07.2019,0.285,0.212,0.662,0.223,
spider,leaves,M2,leaves_16,194,20190722_081033,22.07.2019,0.296,0.204,0.706,0.259,
spider,leaves,M2,leaves_16,194,CIMG3382,29.07.2019,0.251,0.207,0.7,0.269,
spider,leaves,M2,leaves_16,194,CIMG3091,08.07.2019,0.272,0.201,0.62,0.226,
spider,leaves,M2,leaves_12,193,CIMG3241,15.07.2019,0.231,0.195,0.634,0.208,
spider,leaves,M2,leaves_12,193,20190722_082643,22.07.2019,0.31,0.277,0.741,0.232,
spider,leaves,M2,leaves_12,193,CIMG3406,29.07.2019,0.277,0.251,0.646,0.205,
spider,leaves,M2,leaves_12,193,CIMG3088,08.07.2019,0.254,0.2,0.694,0.248,
spider,leaves,M2,leaves_9,191,CIMG3289,15.07.2019,0.266,0.179,0.596,0.212,
spider,leaves,M2,leaves_9,191,20190722_091941,22.07.2019,0.303,0.226,0.615,0.205,
spider,leaves,M2,leaves_9,191,CIMG3082,08.07.2019,0.23,0.223,0.625,0.206,
spider,leaves,M2,leaves_2,184,20190722_105149,22.07.2019,0.258,0.206,0.837,0.296,
spider,leaves,M2,leaves_2,184,CIMG3060,08.07.2019,0.294,0.223,0.676,0.223,
spider,leaves,M2,leaves_17,178,CIMG3247,15.07.2019,0.272,0.232,0.853,0.312,
spider,leaves,M2,leaves_17,178,20190722_081733,22.07.2019,0.27,0.222,0.698,0.244,
spider,leaves,M2,leaves_17,178,CIMG3440,29.07.2019,0.232,0.195,0.68,0.228,
spider,leaves,M2,leaves_17,178,CIMG3042,08.07.2019,0.261,0.208,0.694,0.24,
spider,leaves,M2,leaves_18,176,CIMG3304,15.07.2019,0.321,0.257,0.932,0.302,
spider,leaves,M2,leaves_18,176,20190722_085917,22.07.2019,0.299,0.228,0.755,0.278,
spider,leaves,M2,leaves_18,176,CIMG3035,08.07.2019,0.228,0.216,0.784,0.236,
spider,leaves,M2,leaves_10,174,CIMG3222,15.07.2019,0.317,0.246,0.716,0.249,
spider,leaves,M2,leaves_10,174,20190722_075809,22.07.2019,0.404,0.288,0.862,0.264,
spider,leaves,M2,leaves_10,174,CIMG3019,08.07.2019,0.292,0.26,0.668,0.239,
spider,leaves,M2,leaves_19,172,CIMG3278,15.07.2019,0.237,0.208,0.676,0.226,
spider,leaves,M2,leaves_19,172,20190722_092409,22.07.2019,0.29,0.193,0.566,0.176,
spider,leaves,M2,leaves_19,172,CIMG3027,08.07.2019,0.26,0.214,0.615,0.252,
spider,leaves,M2,leaves_3,169,CIMG3337,15.07.2019,0.313,0.273,0.981,0.336,
spider,leaves,M2,leaves_3,169,20190722_091534,22.07.2019,0.334,0.245,0.826,0.243,
spider,leaves,M2,leaves_3,169,CIMG3018,08.07.2019,0.291,0.221,0.7,0.234,
spider,leaves,M2,leaves_1,153,CIMG3205,15.07.2019,0.35,0.277,0.893,0.313,
spider,leaves,M2,leaves_1,153,20190722_080706,22.07.2019,0.326,0.236,0.76,0.224,
spider,leaves,M2,leaves_1,153,CIMG3446,29.07.2019,0.275,0.216,0.682,0.234,
spider,leaves,M2,leaves_1,153,CIMG2977,08.07.2019,0.272,0.204,0.754,0.278,
spider,leaves,M2,leaves_5,152,CIMG3350,15.07.2019,0.268,0.217,0.743,0.243,
spider,leaves,M2,leaves_5,152,20190722_084211,22.07.2019,0.275,0.205,0.765,0.262,
spider,leaves,M2,leaves_5,152,CIMG2975,08.07.2019,0.238,0.29,0.725,0.254,
spider,leaves,M2,leaves_4,150,CIMG3195,15.07.2019,0.355,0.234,0.738,0.25,
spider,leaves,M2,leaves_4,150,20190722_075647,22.07.2019,0.285,0.27,0.645,0.214,
spider,leaves,M2,leaves_4,150,CIMG3396,29.07.2019,0.308,0.247,0.583,0.209,
spider,leaves,M2,leaves_4,150,CIMG2971,08.07.2019,0.226,0.216,0.699,0.218,
spider,leaves,M2,leaves_7,149,CIMG3343,15.07.2019,0.298,0.221,0.742,0.238,
spider,leaves,M2,leaves_7,149,20190722_085431,22.07.2019,0.373,0.259,0.81,0.287,
spider,leaves,M2,leaves_7,149,CIMG2968,08.07.2019,0.263,0.232,0.733,0.259,
spider,leaves,M2,leaves_8,142,CIMG3301,15.07.2019,0.264,0.214,0.698,0.217,
spider,leaves,M2,leaves_8,142,20190722_090447,22.07.2019,0.307,0.236,0.707,0.223,
spider,leaves,M2,leaves_8,142,CIMG2955,08.07.2019,0.243,0.231,0.723,0.264,
spider,leaves,M1,leaves_4,119,CIMG2006,08.05.2019,0.273,0.223,0.771,0.187,
spider,leaves,M1,leaves_4,119,2019-04-20 15.10.32,29.04.2019,0.286,0.225,0.927,0.317,
spider,leaves,M1,leaves_10,112,CIMG1989,08.05.2019,0.326,0.204,0.787,0.241,
spider,leaves,M1,leaves_10,112,2019-04-20 14.58.03,29.04.2019,0.237,0.327,0.979,0.367,
spider,leaves,M1,leaves_5,110,CIMG2169,08.05.2019,0.291,0.184,0.693,0.173,spider blurry and tilted
spider,leaves,M1,leaves_5,110,2019-04-20 14.54.10,29.04.2019,0.294,0.248,0.883,0.281,
spider,leaves,M1,leaves_14,109,CIMG2133,08.05.2019,0.291,0.218,0.618,0.164,
spider,leaves,M1,leaves_14,109,2019-04-20 14.52.20,29.04.2019,0.242,0.272,0.812,0.335,
spider,leaves,M1,leaves_19,102,CIMG1996,08.05.2019,0.27,0.196,0.71,0.176,
spider,leaves,M1,leaves_19,102,2019-04-20 14.39.55,29.04.2019,0.268,0.19,0.788,0.27,
spider,leaves,M1,leaves_6,98,CIMG1949,08.05.2019,0.3,0.164,0.63,0.171,
spider,leaves,M1,leaves_6,98,2019-04-20 14.32.49,29.04.2019,0.252,0.201,0.739,0.317,
spider,leaves,M1,leaves_18,91,CIMG2108,08.05.2019,0.328,0.188,0.717,0.239,
spider,leaves,M1,leaves_18,91,2019-04-20 14.14.22,29.04.2019,0.342,0.242,0.85,0.287,
spider,leaves,M1,leaves_7,87,CIMG2152,08.05.2019,0.324,0.22,0.726,0.21,
spider,leaves,M1,leaves_7,87,2019-04-20 14.06.16,29.04.2019,0.329,0.238,0.839,0.348,
spider,leaves,M1,leaves_1,76,CIMG2094,08.05.2019,0.249,0.188,0.635,0.161,spider tilted
spider,leaves,M1,leaves_1,76,2019-04-20 13.48.21,29.04.2019,0.306,0.233,0.767,0.312,
spider,leaves,M1,leaves_12,61,CIMG2209,08.05.2019,0.3,0.205,0.752,0.225,
spider,leaves,M1,leaves_12,61,2019-04-20 13.23.48,29.04.2019,0.357,0.266,1.027,0.41,
spider,leaves,M1,leaves_3,58,CIMG2124,08.05.2019,0.269,0.171,0.611,0.189,spider tilted
spider,leaves,M1,leaves_3,58,2019-04-20 13.16.23,29.04.2019,0.277,0.202,0.615,0.212,
spider,leaves,M1,leaves_2,51,CIMG2019,08.05.2019,0.316,0.212,0.726,0.189,
spider,leaves,M1,leaves_2,51,2019-04-20 13.02.22,29.04.2019,0.284,0.211,0.712,0.245,
spider,leaves,M1,leaves_13,47,CIMG1966,08.05.2019,0.286,0.204,0.634,0.191,
spider,leaves,M1,leaves_13,47,2019-04-20 12.54.13,29.04.2019,0.343,0.242,0.788,0.273,
spider,leaves,M1,leaves_8,35,CIMG2143,08.05.2019,0.279,0.155,0.69,0.223,
spider,leaves,M1,leaves_8,35,2019-04-20 10.52.06,29.04.2019,0.358,0.209,0.695,0.263,
spider,leaves,M1,leaves_17,32,CIMG1935,08.05.2019,0.234,0.169,0.631,0.147,
spider,leaves,M1,leaves_17,32,2019-04-20 10.42.19,29.04.2019,0.351,0.234,0.783,0.297,
spider,leaves,M1,leaves_16,31,CIMG2053,08.05.2019,0.394,0.259,0.81,0.208,spider tilted
spider,leaves,M1,leaves_16,31,2019-04-20 10.38.14,29.04.2019,0.318,0.238,0.824,0.272,
spider,leaves,M1,leaves_20,30,CIMG1931,08.05.2019,0.33,0.232,0.708,0.183,
spider,leaves,M1,leaves_20,30,2019-04-20 10.34.41,29.04.2019,0.288,0.227,0.833,0.269,
spider,leaves,M1,leaves_9,29,CIMG2149,08.05.2019,0.297,0.158,0.684,0.175,
spider,leaves,M1,leaves_9,29,2019-04-20 10.31.20,29.04.2019,0.307,0.212,0.721,0.221,
spider,leaves,M1,leaves_11,28,CIMG2084,08.05.2019,0.276,0.205,0.644,0.198,
spider,leaves,M1,leaves_11,28,2019-04-20 10.27.34,29.04.2019,0.346,0.243,0.78,0.278,
spider,leaves,M1,leaves_15,26,CIMG2141,08.05.2019,0.275,0.323,0.596,0.215,
spider,leaves,M1,leaves_15,26,2019-04-20 10.19.33,29.04.2019 ,0.314,0.251,0.719,0.244,
spider,leaves,M2,leaves_2,197,20190719_120423,19.07.2019,0.222,0.19,0.527,0.206,"dead, without mm-paper"
spider,leaves,M2,leaves_6,226,,26.07.2019,0.265,0.183,0.51,0.224,"dead, without mm-paper"
spider,leaves,M2,leaves_20,208,,26.07.2019,0.274,0.191,0.488,0.186,"dead, without mm-paper"
spider,fishfood,M1,fishfood_2,95,CIMG2575,22.05.2019,0.25,0.204,0.444,0.173,dead
spider,fishfood,M1,fishfood_16,108,CIMG2587,22.05.2019,0.219,0.208,0.425,0.168,dead
spider,fishfood,M1,fishfood_13,121,CIMG2593,22.05.2019,0.252,0.164,0.48,0.165,dead
spider,fishfood,M2,fishfood_2,147,CIMG3198,15.07.2019,0.303,0.231,0.683,0.221,
spider,fishfood,M2,fishfood_5,196,CIMG3202,15.07.2019,0.271,0.255,0.871,0.266,
spider,fishfood,M2,fishfood_3,219,CIMG3320,15.07.2019,0.237,0.229,0.757,0.246,
spider,fishfood,M2,fishfood_3,219,CIMG3164,08.07.2019,0.281,0.204,0.714,0.2,
spider,fishfood,M2,fishfood_8,213,CIMG3323,15.07.2019,0.254,0.229,0.691,0.215,
spider,fishfood,M2,fishfood_8,213,20190722_090332,22.07.2019,0.272,0.21,0.606,0.163,
spider,fishfood,M2,fishfood_8,213,CIMG3148,08.07.2019,0.205,0.201,0.59,0.178,
spider,fishfood,M2,fishfood_15,212,CIMG3335,15.07.2019,0.239,0.192,0.7,0.22,
spider,fishfood,M2,fishfood_15,212,20190722_084516,22.07.2019,0.309,0.236,0.748,0.252,
spider,fishfood,M2,fishfood_15,212,CIMG3143,08.07.2019,0.287,0.215,0.776,0.247,
spider,fishfood,M2,fishfood_10,206,CIMG3341,15.07.2019,0.273,0.253,0.678,0.261,
spider,fishfood,M2,fishfood_10,206,20190722_085619,22.07.2019,0.34,0.236,0.786,0.262,
spider,fishfood,M2,fishfood_10,206,CIMG3125,08.07.2019,0.339,0.246,0.775,0.3,
spider,fishfood,M2,fishfood_13,201,CIMG3232,15.07.2019,0.295,0.241,0.656,0.211,
spider,fishfood,M2,fishfood_13,201,20190722_082839,22.07.2019,0.397,0.273,0.679,0.216,
spider,fishfood,M2,fishfood_13,201,CIMG3392,29.07.2019,0.316,0.23,0.64,0.184,
spider,fishfood,M2,fishfood_13,201,CIMG3109,08.07.2019,0.268,0.242,0.657,0.232,
spider,fishfood,M2,fishfood_20,188,CIMG3287,15.07.2019,0.344,0.251,0.845,0.305,
spider,fishfood,M2,fishfood_20,188,20190722_090151,22.07.2019,0.306,0.256,0.832,0.251,
spider,fishfood,M2,fishfood_20,188,CIMG3419,29.07.2019,0.29,0.23,0.687,0.227,
spider,fishfood,M2,fishfood_20,188,CIMG3072,08.07.2019,0.287,0.212,0.736,0.238,
spider,fishfood,M2,fishfood_17,185,CIMG3325,15.07.2019,0.305,0.234,0.729,0.239,
spider,fishfood,M2,fishfood_17,185,20190722_084842,22.07.2019,0.326,0.246,0.781,0.262,
spider,fishfood,M2,fishfood_17,185,CIMG3063,08.07.2019,0.271,0.213,0.635,0.241,
spider,fishfood,M2,fishfood_6,180,CIMG3244,15.07.2019,0.266,0.216,0.7,0.187,
spider,fishfood,M2,fishfood_6,180,20190722_082501,22.07.2019,0.266,0.2,0.613,0.165,
spider,fishfood,M2,fishfood_6,180,CIMG3408,29.07.2019,0.21,0.205,0.524,0.226,
spider,fishfood,M2,fishfood_6,180,CIMG3048,08.07.2019,0.239,0.199,0.618,0.2,
spider,fishfood,M2,fishfood_19,177,CIMG3364,15.07.2019,0.324,0.249,0.832,0.264,
spider,fishfood,M2,fishfood_19,177,20190722_091845,22.07.2019,0.381,0.245,0.75,0.298,
spider,fishfood,M2,fishfood_19,177,CIMG3038,08.07.2019,0.281,0.226,0.733,0.288,
spider,fishfood,M2,fishfood_12,166,CIMG3371,15.07.2019,0.266,0.221,0.871,0.294,
spider,fishfood,M2,fishfood_12,166,20190722_081605,22.07.2019,0.278,0.212,0.656,0.181,
spider,fishfood,M2,fishfood_12,166,CIMG3008,08.07.2019,0.225,0.204,0.788,0.252,
spider,fishfood,M2,fishfood_9,158,CIMG3328,15.07.2019,0.331,0.255,0.893,0.309,
spider,fishfood,M2,fishfood_9,158,20190722_084345,22.07.2019,0.302,0.218,0.859,0.268,
spider,fishfood,M2,fishfood_9,158,CIMG2986,08.07.2019,0.309,0.245,0.804,0.265,
spider,fishfood,M2,fishfood_16,140,CIMG3298,15.07.2019,0.293,0.226,0.892,0.318,
spider,fishfood,M2,fishfood_16,140,20190722_090006,22.07.2019,0.3,0.232,0.743,0.232,
spider,fishfood,M2,fishfood_16,140,CIMG2950,08.07.2019,0.278,0.229,0.737,0.244,
spider,fishfood,M2,fishfood_11,139,CIMG3250,15.07.2019,0.268,0.233,0.784,0.267,
spider,fishfood,M2,fishfood_11,139,20190722_082931,22.07.2019,0.255,0.201,0.746,0.238,
spider,fishfood,M2,fishfood_11,139,CIMG3425,29.07.2019,0.243,0.204,0.618,0.237,
spider,fishfood,M2,fishfood_11,139,CIMG2948,08.07.2019,0.262,0.184,0.718,0.236,
spider,fishfood,M2,fishfood_18,137,CIMG3353,15.07.2019,0.281,0.248,0.802,0.298,
spider,fishfood,M2,fishfood_18,137,20190722_085102,22.07.2019,0.319,0.244,0.849,0.263,
spider,fishfood,M2,fishfood_18,137,CIMG2943,08.07.2019,0.28,0.221,0.735,0.222,
spider,fishfood,M1,fishfood_7,127,CIMG1926,08.05.2019,0.251,0.18,0.727,0.242,
spider,fishfood,M1,fishfood_7,127,CIMG2291,15.05.2019,0.245,0.202,0.689,0.267,
spider,fishfood,M1,fishfood_7,127,CIMG2465,22.05.2019,0.287,0.226,0.685,0.242,
spider,fishfood,M1,fishfood_7,127,CIMG2607,29.05.2019,0.294,0.195,0.642,0.191,
spider,fishfood,M1,fishfood_7,127,CIMG2747,05.06.2019,0.289,0.237,0.306,0.125,dead
spider,fishfood,M1,fishfood_7,127,2019-05-03 13.58.30,03.05.2019,0.253,0.221,0.768,0.319,replace spider
spider,fishfood,M1,fishfood_13,121,CIMG2010,08.05.2019,0.366,0.227,0.818,0.206,
spider,fishfood,M1,fishfood_13,121,2019-04-20 14.13.27,29.04.2019,0.334,0.245,0.826,0.286,
spider,fishfood,M1,fishfood_11,120,CIMG2155,08.05.2019,0.273,0.247,0.861,0.182,
spider,fishfood,M1,fishfood_11,120,CIMG2388,15.05.2019,0.288,0.193,0.596,0.181,
spider,fishfood,M1,fishfood_11,120,CIMG2503,22.05.2019,0.259,0.22,0.607,0.149,
spider,fishfood,M1,fishfood_11,120,CIMG2677,29.05.2019,0.327,0.23,0.635,0.192,
spider,fishfood,M1,fishfood_11,120,CIMG2721,05.06.2019,0.173,0.171,0.294,0.138,dead
spider,fishfood,M1,fishfood_11,120,2019-04-20 15.12.04,29.04.2019,0.297,0.249,0.747,0.29,
spider,fishfood,M1,fishfood_14,117,CIMG2066,08.05.2019,0.348,0.226,0.735,0.179,
spider,fishfood,M1,fishfood_14,117,CIMG2339,15.05.2019,0.367,0.234,0.64,0.203,
spider,fishfood,M1,fishfood_14,117,CIMG2433,22.05.2019,0.232,0.207,0.368,0.182,dead
spider,fishfood,M1,fishfood_14,117,2019-04-20 15.07.16,29.04.2019,0.326,0.243,0.778,0.305,
spider,fishfood,M1,fishfood_16,108,CIMG2039,08.05.2019,0.319,0.224,0.734,0.216,
spider,fishfood,M1,fishfood_16,108,CIMG2260,15.05.2019,0.301,0.238,0.598,0.18,
spider,fishfood,M1,fishfood_16,108,2019-04-20 14.49.46,29.04.2019,0.312,0.199,0.93,0.345,
spider,fishfood,M1,fishfood_10,107,CIMG2035,08.05.2019,0.319,0.239,0.764,0.219,
spider,fishfood,M1,fishfood_10,107,CIMG2231,15.05.2019,0.305,0.226,0.532,0.171,
spider,fishfood,M1,fishfood_10,107,CIMG2537,22.05.2019,0.263,0.195,0.658,0.199,
spider,fishfood,M1,fishfood_10,107,CIMG2633,29.05.2019,0.253,0.191,0.608,0.174,
spider,fishfood,M1,fishfood_10,107,CIMG2711,05.06.2019,0.294,0.209,0.727,0.197,
spider,fishfood,M1,fishfood_10,107,CIMG2760,12.06.2019,0.276,0.21,0.684,0.203,
spider,fishfood,M1,fishfood_10,107,2019-04-20 14.48.34,29.04.2019,0.247,0.206,0.729,0.217,
spider,fishfood,M1,fishfood_2,95,CIMG2174,08.05.2019,0.293,0.134,0.762,0.214,
spider,fishfood,M1,fishfood_2,95,2019-04-20 14.27.34,29.04.2019,0.329,0.198,0.761,0.301,
spider,fishfood,M1,fishfood_1,93,CIMG2047,08.05.2019,0.267,0.152,0.686,0.211,prosoma width blurred/hard to mesure
spider,fishfood,M1,fishfood_1,93,CIMG2274,15.05.2019,0.228,0.176,0.619,0.208,
spider,fishfood,M1,fishfood_1,93,CIMG2436,22.05.2019,0.252,0.2,0.472,0.173,dead
spider,fishfood,M1,fishfood_1,93,2019-04-20 14.17.55,29.04.2019,0.311,0.243,0.807,0.316,
spider,fishfood,M1,fishfood_7,84,CIMG2572,22.05.2019,0.313,0.21,0.494,0.238,dead
spider,fishfood,M1,fishfood_7,84,2019-04-20 14.01.42,29.04.2019,0.281,0.265,0.946,0.381,prosoma tilted
spider,fishfood,M1,fishfood_8,71,CIMG2091,08.05.2019,0.289,0.207,0.666,0.18,
spider,fishfood,M1,fishfood_8,71,CIMG2257,15.05.2019,0.309,0.223,0.65,0.257,
spider,fishfood,M1,fishfood_8,71,CIMG2452,22.05.2019,0.226,0.211,0.355,0.195,dead
spider,fishfood,M1,fishfood_8,71,2019-04-20 13.40.41,29.04.2019,0.289,0.222,0.757,0.295,
spider,fishfood,M1,fishfood_17,69,CIMG2200,08.05.2019,0.297,0.224,0.624,0.185,
spider,fishfood,M1,fishfood_17,69,CIMG2392,15.05.2019,0.25,0.148,0.599,0.179,prosoma blurry
spider,fishfood,M1,fishfood_17,69,CIMG2551,22.05.2019,0.319,0.21,0.634,0.212,
spider,fishfood,M1,fishfood_17,69,CIMG2671,29.05.2019,0.289,0.273,0.805,0.277,
spider,fishfood,M1,fishfood_17,69,CIMG2700,05.06.2019,0.223,0.201,0.787,0.318,
spider,fishfood,M1,fishfood_17,69,CIMG2783,12.06.2019,0.265,0.228,0.793,0.284,
spider,fishfood,M1,fishfood_17,69,2019-04-20 13.36.33,29.04.2019,0.273,0.21,0.753,0.272,
spider,fishfood,M1,fishfood_20,67,CIMG2131,08.05.2019,0.303,0.202,0.585,0.141,
spider,fishfood,M1,fishfood_20,67,CIMG2321,15.05.2019,0.312,0.23,0.617,0.182,
spider,fishfood,M1,fishfood_20,67,CIMG2413,22.05.2019,0.301,0.216,0.348,0.152,dead
spider,fishfood,M1,fishfood_20,67,2019-04-20 13.34.17,29.04.2019,0.316,0.228,0.72,0.29,
spider,fishfood,M1,fishfood_12,64,CIMG1979,08.05.2019,0.337,0.224,0.668,0.193,
spider,fishfood,M1,fishfood_12,64,CIMG2285,15.05.2019,0.292,0.201,0.565,0.168,
spider,fishfood,M1,fishfood_12,64,CIMG2459,22.05.2019,0.312,0.227,0.695,0.23,
spider,fishfood,M1,fishfood_12,64,CIMG2604,29.05.2019,0.255,0.198,0.592,0.157,
spider,fishfood,M1,fishfood_12,64,CIMG2742,05.06.2019,0.193,0.23,0.381,0.145,dead
spider,fishfood,M1,fishfood_12,64,2019-04-20 13.28.35,29.04.2019,0.254,0.185,0.795,0.268,
spider,fishfood,M1,fishfood_3,55,CIMG2105,08.05.2019,0.28,0.202,0.717,0.22,legs hide part of prosoma 
spider,fishfood,M1,fishfood_3,55,CIMG2267,15.05.2019,0.279,0.246,0.631,0.185,
spider,fishfood,M1,fishfood_3,55,CIMG2444,22.05.2019,0.334,0.242,0.718,0.202,
spider,fishfood,M1,fishfood_3,55,CIMG2653,29.05.2019,0.334,0.229,0.721,0.243,
spider,fishfood,M1,fishfood_3,55,CIMG2724,05.06.2019,0.258,0.244,0.416,0.134,dead
spider,fishfood,M1,fishfood_3,55,2019-04-20 13.10.43,29.04.2019,0.289,0.187,0.812,0.283,
spider,fishfood,M1,fishfood_4,53,CIMG2166,08.05.2019,0.268,0.215,0.72,0.264,
spider,fishfood,M1,fishfood_4,53,CIMG2317,15.05.2019,0.343,0.227,0.595,0.177,
spider,fishfood,M1,fishfood_4,53,CIMG2507,22.05.2019,0.28,0.209,0.566,0.148,
spider,fishfood,M1,fishfood_4,53,CIMG2680,29.05.2019,0.299,0.246,0.637,0.228,
spider,fishfood,M1,fishfood_4,53,CIMG2735,05.06.2019,0.214,0.185,0.357,0.161,dead
spider,fishfood,M1,fishfood_4,53,2019-04-20 13.05.47,29.04.2019,0.3,0.223,0.796,0.293,
spider,fishfood,M1,fishfood_19,52,CIMG2211,08.05.2019,0.288,0.21,0.651,0.171,
spider,fishfood,M1,fishfood_19,52,CIMG2358,15.05.2019,0.284,0.207,0.641,0.197,
spider,fishfood,M1,fishfood_19,52,CIMG2495,22.05.2019,0.268,0.209,0.604,0.218,
spider,fishfood,M1,fishfood_19,52,2019-04-20 13.04.12,29.04.2019,0.333,0.222,0.731,0.236,
spider,fishfood,M1,fishfood_9,50,CIMG2171,08.05.2019,0.242,0.203,0.621,0.149,
spider,fishfood,M1,fishfood_9,50,CIMG2315,15.05.2019,0.297,0.174,0.575,0.131,spider tilted
spider,fishfood,M1,fishfood_9,50,CIMG2561,22.05.2019,0.245,0.182,0.566,0.173,
spider,fishfood,M1,fishfood_9,50,CIMG2675,29.05.2019,0.272,0.184,0.637,0.2,spider blurry
spider,fishfood,M1,fishfood_9,50,2019-04-20 12.59.10,29.04.2019,0.268,0.21,0.642,0.238,
spider,fishfood,M1,fishfood_15,45,CIMG2183,08.05.2019,0.295,0.209,0.603,0.167,
spider,fishfood,M1,fishfood_15,45,CIMG2348,15.05.2019,0.315,0.2,0.57,0.211,
spider,fishfood,M1,fishfood_15,45,CIMG2491,22.05.2019,0.284,0.206,0.584,0.185,
spider,fishfood,M1,fishfood_15,45,2019-04-20 12.50.13,29.04.2019,0.324,0.247,0.773,0.284,
spider,fishfood,M1,fishfood_18,43,CIMG2205,08.05.2019,0.292,0.225,0.73,0.181,
spider,fishfood,M1,fishfood_18,43,CIMG2352,15.05.2019,0.368,0.275,0.758,0.286,
spider,fishfood,M1,fishfood_18,43,CIMG2518,22.05.2019,0.334,0.203,0.672,0.213,
spider,fishfood,M1,fishfood_18,43,2019-04-20 12.35.15,29.04.2019,0.319,0.227,0.854,0.28,
spider,fishfood,M1,fishfood_5,25,CIMG2202,08.05.2019,0.261,0.164,0.601,0.151,spider tilted
spider,fishfood,M1,fishfood_5,25,CIMG2373,15.05.2019,0.234,0.201,0.596,0.171,
spider,fishfood,M1,fishfood_5,25,CIMG2564,22.05.2019,0.203,0.179,0.577,0.172,
spider,fishfood,M1,fishfood_5,25,2019-04-20 10.15.26,29.04.2019,0.299,0.216,0.783,0.26,
spider,fishfood,M1,fishfood_6,23,CIMG2088,08.05.2019,0.232,0.182,0.6,0.238,
spider,fishfood,M1,fishfood_6,23,CIMG2402,15.05.2019,0.303,0.228,0.543,0.204,
spider,fishfood,M1,fishfood_6,23,CIMG2428,22.05.2019,0.272,0.198,0.558,0.162,
spider,fishfood,M1,fishfood_6,23,CIMG2660,29.05.2019,0.247,0.179,0.551,0.164,
spider,fishfood,M1,fishfood_6,23,CIMG2696,05.06.2019,0.256,0.165,0.593,0.16,
spider,fishfood,M1,fishfood_6,23,CIMG2777,12.06.2019,0.216,0.185,0.616,0.215,
spider,fishfood,M1,fishfood_6,23,2019-04-20 09.31.27,29.04.2019,0.289,0.195,0.653,0.255,
spider,fishfood,M2,fishfood_4,136,CIMG3265,15.07.2019,0.313,0.173,0.673,0.242,
spider,fishfood,M2,fishfood_7,161,CIMG3271,15.07.2019,0.259,0.186,0.755,0.228,
spider,fishfood,M2,fishfood_14,131,CIMG3275,15.07.2019,0.302,0.222,0.687,0.213,
spider,fishfood,M2,fishfood_1,148,CIMG3366,15.07.2019,0.227,0.193,0.697,0.25,
spider,fishfood,M2,fishfood_5,196,20190722_080124,22.07.2019,0.33,0.244,0.81,0.277,
spider,fishfood,M2,fishfood_2,147,20190722_080515,22.07.2019,0.341,0.244,0.804,0.24,
spider,fishfood,M2,fishfood_4,136,20190722_081157,22.07.2019,0.288,0.228,0.774,0.295,
spider,fishfood,M2,fishfood_1,148,,22.07.2019,0.251,0.238,0.783,0.301,
spider,fishfood,M2,fishfood_3,219,,22.07.2019,0.295,0.23,0.727,0.218,
spider,fishfood,M2,fishfood_7,161,20190722_091633,22.07.2019,0.262,0.232,0.815,0.311,
spider,fishfood,M2,fishfood_14,131,20190722_092259,22.07.2019,0.297,0.291,0.774,0.246,
spider,fishfood,M2,fishfood_4,162,CIMG3379,29.07.2019,0.269,0.2,0.615,0.218,
spider,fishfood,M2,fishfood_2,147,CIMG3399,29.07.2019,0.284,0.248,0.644,0.242,
spider,fishfood,M2,fishfood_4,136,20190726_104037,26.07.2019,0.258,0.189,0.523,0.239,"dead, without mm-paper"
spider,algae,M1,algae_19,105,CIMG2590,22.05.2019,0.252,0.227,0.424,0.195,dead
spider,algae,M1,algae_19,124,2019-05-03 13.49.27,03.05.2019,0.22,0.196,0.673,0.296,replace spider
spider,algae,M1,algae_19,124,2019-05-07 13.01.17,07.05.2019,0.192,0.179,0.615,0.223,replace spider
spider,algae,M1,algae_4,122,2019-05-03 13.43.21,03.05.2019,0.279,0.242,0.869,0.347,replace spider
spider,algae,M1,algae_7,118,CIMG1954,08.05.2019,0.288,0.232,0.682,0.24,
spider,algae,M1,algae_7,118,CIMG2220,15.05.2019,0.274,0.189,0.547,0.169,
spider,algae,M1,algae_7,118,CIMG2513,22.05.2019,0.269,0.208,0.665,0.166,
spider,algae,M1,algae_7,118,CIMG2636,29.05.2019,0.131,0.211,0.557,0.162,
spider,algae,M1,algae_7,118,2019-04-20 15.08.49,29.04.2019,0.317,0.227,0.856,0.289,
spider,algae,M1,algae_9,116,CIMG2060,08.05.2019,0.329,0.222,0.698,0.228,
spider,algae,M1,algae_9,116,CIMG2310,15.05.2019,0.321,0.247,0.682,0.214,
spider,algae,M1,algae_9,116,CIMG2409,22.05.2019,0.32,0.227,0.659,0.173,
spider,algae,M1,algae_9,116,CIMG2648,29.05.2019,0.322,0.226,0.658,0.175,
spider,algae,M1,algae_9,116,CIMG2729,05.06.2019,0.324,0.258,0.404,0.147,dead
spider,algae,M1,algae_9,116,2019-04-20 15.06.00,29.04.2019,0.369,0.298,0.911,0.306,
spider,algae,M1,algae_11,114,CIMG2122,08.05.2019,0.3,0.222,0.787,0.194,
spider,algae,M1,algae_11,114,CIMG2384,15.05.2019,0.334,0.238,0.686,0.198,
spider,algae,M1,algae_11,114,CIMG2525,22.05.2019,0.313,0.217,0.666,0.189,
spider,algae,M1,algae_11,114,2019-04-20 15.02.16,29.04.2019,0.276,0.268,0.892,0.33,
spider,algae,M1,algae_19,124,CIMG2192,08.05.2019,0.265,0.184,0.742,0.27,
spider,algae,M1,algae_19,124,CIMG2356,15.05.2019,0.229,0.182,0.598,0.232,
spider,algae,M1,algae_19,124,CIMG2533,22.05.2019,0.288,0.211,0.6,0.182,
spider,algae,M1,algae_19,105,2019-04-20 14.45.19,29.04.2019,0.333,0.258,0.736,0.301,
spider,algae,M1,algae_1,104,CIMG2027,08.05.2019,0.264,0.192,0.63,0.21,
spider,algae,M1,algae_1,104,CIMG2245,15.05.2019,0.316,0.223,0.608,0.204,
spider,algae,M1,algae_1,104,CIMG2477,22.05.2019,0.232,0.24,0.43,0.168,dead
spider,algae,M1,algae_1,104,2019-04-20 14.43.03,29.04.2019,0.317,0.251,0.781,0.273,
spider,algae,M1,algae_13,103,CIMG2159,08.05.2019,0.243,0.167,0.629,0.199,
spider,algae,M1,algae_13,103,CIMG2368,15.05.2019,0.242,0.181,0.603,0.172,
spider,algae,M1,algae_13,103,CIMG2570,22.05.2019,0.225,0.164,0.608,0.191,
spider,algae,M1,algae_13,103,2019-04-20 14.41.30,29.04.2019,0.272,0.22,0.695,0.208,
spider,algae,M1,algae_17,100,CIMG2147,08.05.2019,0.24,0.171,0.585,0.197,
spider,algae,M1,algae_17,100,CIMG2305,15.05.2019,0.228,0.169,0.615,0.249,
spider,algae,M1,algae_17,100,CIMG2420,22.05.2019,0.248,0.176,0.67,0.208,
spider,algae,M1,algae_17,100,2019-04-20 14.36.18,29.04.2019,0.303,0.189,0.688,0.282,
spider,algae,M1,algae_18,92,CIMG2581,22.05.2019,0.26,0.161,0.633,0.207,dead
spider,algae,M1,algae_12,97,CIMG1959,08.05.2019,0.237,0.133,0.589,0.152,
spider,algae,M1,algae_12,97,CIMG2237,15.05.2019,0.273,0.163,0.551,0.147,
spider,algae,M1,algae_12,97,CIMG2501,22.05.2019,0.201,0.171,0.547,0.163,
spider,algae,M1,algae_12,97,CIMG2630,29.05.2019,0.236,0.183,0.57,0.191,
spider,algae,M1,algae_12,97,CIMG2687,05.06.2019,0.229,0.166,0.6,0.204,
spider,algae,M1,algae_12,97,CIMG2751,12.06.2019,0.259,0.179,0.615,0.172,
spider,algae,M1,algae_12,97,2019-04-20 14.31.35,29.04.2019,0.326,0.234,0.702,0.243,
spider,algae,M1,algae_18,92,CIMG2214,08.05.2019,0.296,0.211,0.752,0.205,
spider,algae,M1,algae_18,92,2019-04-20 14.16.45,29.04.2019,0.325,0.201,0.86,0.298,
spider,algae,M1,algae_8,89,CIMG2072,08.05.2019,0.283,0.196,0.683,0.183,
spider,algae,M1,algae_8,89,CIMG2396,15.05.2019,0.343,0.218,0.664,0.207,
spider,algae,M1,algae_8,89,CIMG2431,22.05.2019,0.276,0.218,0.583,0.18,
spider,algae,M1,algae_8,89,CIMG2666,29.05.2019,0.307,0.211,NA,NA,no opisthosoma
spider,algae,M1,algae_8,89,2019-04-20 14.11.55,29.04.2019,0.237,0.203,0.699,0.244,prosoma blurry
spider,algae,M1,algae_4,122,CIMG2056,08.05.2019,0.304,0.227,0.814,0.245,
spider,algae,M1,algae_4,122,CIMG2405,15.05.2019,0.398,0.283,0.881,0.248,
spider,algae,M1,algae_4,122,CIMG2416,22.05.2019,0.345,0.244,0.732,0.218,
spider,algae,M1,algae_4,88,CIMG2578,22.05.2019,0.236,0.243,0.562,0.219,dead
spider,algae,M1,algae_4,122,CIMG2541,29.05.2019,0.33,0.267,0.77,0.234,
spider,algae,M1,algae_4,122,CIMG2732,05.06.2019,0.29,0.304,0.497,0.211,dead
spider,algae,M1,algae_4,88,2019-04-20 14.08.33,29.04.2019,0.282,0.199,0.784,0.327,
spider,algae,M1,algae_5,82,CIMG1940,08.05.2019,0.277,0.168,0.693,0.208,
spider,algae,M1,algae_5,82,CIMG2225,15.05.2019,0.292,0.22,0.762,0.232,
spider,algae,M1,algae_5,82,CIMG2483,22.05.2019,0.293,0.274,0.404,0.189,dead
spider,algae,M1,algae_5,82,2019-04-20 13.58.29,29.04.2019,0.281,0.185,0.671,0.199,
spider,algae,M1,algae_20,77,CIMG1984,08.05.2019,0.306,0.214,0.769,0.201,
spider,algae,M1,algae_20,77,CIMG2280,15.05.2019,0.328,0.257,0.772,0.267,
spider,algae,M1,algae_20,77,CIMG2462,22.05.2019,0.273,0.221,0.759,0.227,
spider,algae,M1,algae_20,77,CIMG2601,29.05.2019,0.273,0.235,0.715,0.212,
spider,algae,M1,algae_20,77,CIMG2744,05.06.2019,0.254,0.235,0.581,0.207,dead
spider,algae,M1,algae_20,77,2019-04-20 13.45.19,29.04.2019,0.269,0.216,0.744,0.264,
spider,algae,M1,algae_2,75,CIMG2097,08.05.2019,0.222,0.155,0.687,0.177,
spider,algae,M1,algae_2,75,CIMG2394,15.05.2019,0.227,0.196,0.65,0.208,
spider,algae,M1,algae_2,75,CIMG2425,22.05.2019,0.28,0.207,0.672,0.237,
spider,algae,M1,algae_2,75,CIMG2639,29.05.2019,0.267,0.218,0.622,0.194,
spider,algae,M1,algae_2,75,CIMG2709,05.06.2019,0.219,0.218,0.697,0.211,
spider,algae,M1,algae_2,75,CIMG2785,12.06.2019,0.205,0.212,0.687,0.233,
spider,algae,M1,algae_2,75,2019-04-20 13.47.43,29.04.2019,0.273,0.211,0.755,0.234,
spider,algae,M1,algae_14,62,CIMG2077,08.05.2019,0.298,0.215,0.659,0.203,
spider,algae,M1,algae_14,62,CIMG2276,15.05.2019,0.307,0.222,0.641,0.242,
spider,algae,M1,algae_14,62,CIMG2440,22.05.2019,0.266,0.216,0.64,0.245,
spider,algae,M1,algae_14,62,CIMG2644,29.05.2019,0.315,0.228,0.775,0.294,
spider,algae,M1,algae_14,62,CIMG2727,05.06.2019,0.326,0.201,0.469,0.168,dead
spider,algae,M1,algae_14,62,2019-04-20 13.24.48,29.04.2019,0.289,0.2,0.711,0.28,
spider,algae,M1,algae_6,41,CIMG1920,08.05.2019,0.342,0.218,0.76,0.19,
spider,algae,M1,algae_6,41,CIMG2247,15.05.2019,0.284,0.29,0.71,0.231,
spider,algae,M1,algae_6,41,CIMG2488,22.05.2019,0.268,0.266,0.453,0.214,dead
spider,algae,M1,algae_6,41,2019-04-20 12.29.45,29.04.2019,0.311,0.245,0.939,0.367,
spider,algae,M1,algae_3,40,CIMG2111,08.05.2019,0.319,0.224,0.703,0.191,
spider,algae,M1,algae_3,40,CIMG2337,15.05.2019,0.296,0.21,0.601,0.185,
spider,algae,M1,algae_3,40,CIMG2455,22.05.2019,0.31,0.248,0.51,0.163,dead
spider,algae,M1,algae_3,40,2019-04-20 12.26.33,29.04.2019,0.368,0.268,0.969,0.34,
spider,algae,M1,algae_16,37,CIMG2069,08.05.2019,0.349,0.246,0.846,0.249,
spider,algae,M1,algae_16,37,CIMG2400,15.05.2019,0.287,0.236,0.703,0.221,
spider,algae,M1,algae_16,37,CIMG2422,22.05.2019,0.249,0.223,0.775,0.221,
spider,algae,M1,algae_16,37,CIMG2663,29.05.2019,0.265,0.204,0.645,0.199,
spider,algae,M1,algae_16,37,CIMG2705,05.06.2019,0.33,0.251,0.912,0.262,
spider,algae,M1,algae_16,37,CIMG2788,12.06.2019,0.262,0.256,0.812,0.233,
spider,algae,M1,algae_16,37,2019-04-20 11.00.09,29.04.2019,0.315,0.254,0.792,0.306,
spider,algae,M1,algae_10,34,CIMG2118,08.05.2019,0.232,0.174,0.686,0.172,
spider,algae,M1,algae_10,34,CIMG2381,15.05.2019,0.244,0.21,0.71,0.221,
spider,algae,M1,algae_10,34,CIMG2558,22.05.2019,0.244,0.2,0.647,0.176,
spider,algae,M1,algae_10,34,2019-04-20 10.48.43,29.04.2019,0.304,0.211,0.778,0.239,
spider,algae,M1,algae_15,33,CIMG2021,08.05.2019,0.327,0.233,0.662,0.212,
spider,algae,M1,algae_15,33,CIMG2345,15.05.2019,0.309,0.242,0.638,0.199,
spider,algae,M1,algae_15,33,CIMG2522,22.05.2019,0.278,0.199,0.577,0.161,
spider,algae,M1,algae_15,33,CIMG2615,29.05.2019,0.267,0.213,0.563,0.164,
spider,algae,M1,algae_15,33,20190607_105614,07.06.2019,0.236,0.238,0.312,0.144,dead
spider,algae,M1,algae_15,33,2019-04-20 10.45.07,29.04.2019,0.172,0.169,0.505,0.189,
spider,start,M1,21,21,2019-04-29 15.44.55,29.04.2019,0.309,0.210,0.632,0.195,
spider,start,M1,22,22,2019-04-29 15.47.24,29.04.2019,0.378,0.223,0.716,0.225,
