Organism,treatment,experiment,spider_ID_experiment_ID,experiment_ID,spider_ID,date,weight_vessel_g,weight_vessel_spider_g,weight_spider_g,comments
spider,start,M1,,21,21,29.04.2019,2.964,2.9792,0.0152,
spider,start,M1,,22,22,29.04.2019,2.9643,2.9827,0.0184,
spider,start,M1,,24,24,29.04.2019,2.9617,2.9743,0.0126,
spider,start,M1,,38,38,29.04.2019,2.9649,2.9781,0.0132,
spider,start,M1,,39,39,29.04.2019,2.9618,2.9885,0.0267,
spider,start,M1,,44,44,29.04.2019,2.9645,2.9792,0.0147,
spider,start,M1,,48,48,29.04.2019,2.9985,3.0142,0.0157,
spider,start,M1,,49,49,29.04.2019,2.965,2.9801,0.0151,
spider,oatmeal,M1,,oatmeal_5,54,29.04.2019,2.9685,2.9931,0.0246,
spider,start,M1,,59,59,29.04.2019,3.0017,3.0158,0.0141,
spider,start,M1,,63,63,29.04.2019,3.0033,3.0251,0.0218,
spider,start,M1,,65,65,29.04.2019,3.0034,3.0229,0.0195,
spider,start,M1,,70,70,29.04.2019,2.9662,2.984,0.0178,
spider,start,M1,,74,74,29.04.2019,2.9678,2.9853,0.0175,
spider,start,M1,,78,78,29.04.2019,2.9714,2.9877,0.0163,
spider,start,M1,,79,79,29.04.2019,3.0078,3.0245,0.0167,
spider,start,M1,,81,81,29.04.2019,3.0032,3.018,0.0148,
spider,start,M1,,86,86,29.04.2019,2.9689,2.9928,0.0239,
spider,start,M1,,101,101,29.04.2019,3.008,3.0198,0.0118,
spider,start,M1,,106,106,29.04.2019,2.9662,2.9805,0.0143,
spider,start,M1,,111,111,29.04.2019,3.0013,3.0244,0.0231,
spider,start,M1,,115,115,29.04.2019,3.0024,3.0325,0.0301,
spider,start,M1,,125,125,03.05.2019,3.0055,3.0351,0.0296,replace spider
spider,start,M1,,128,128,03.05.2019,3.0209,3.105,0.0841,replace spider
spider,start,M1,,129,129,03.05.2019,3.0087,3.0345,0.0258,replace spider
spider,start,M2,,133,133,08.07.2019,3.0092,3.0413,0.0321,
spider,oatmeal,M2,,oatmeal_19,135,08.07.2019,3.0129,3.0394,0.0265,
spider,start,M2,,138,138,08.07.2019,3.2809,3.2997,0.0188,
spider,start,M2,,141,141,08.07.2019,3.2609,3.2884,0.0275,
spider,leaves,M2,,leaves_17,144,08.07.2019,3.2615,3.2907,0.0292,
spider,start,M2,,163,163,08.07.2019,3.2812,3.3086,0.0274,
spider,start,M2,,164,164,08.07.2019,3.2611,3.2862,0.0251,
spider,start,M2,,165,165,08.07.2019,3.2329,3.2531,0.0202,
spider,start,M2,,168,168,08.07.2019,3.2613,3.2804,0.0191,
spider,fishfood,M2,,fishfood_2,170,08.07.2019,3.2605,3.281,0.0205,
spider,oatmeal,M2,,oatmeal_2,171,08.07.2019,3.2808,3.311,0.0302,
spider,fishfood,M2,,fishfood_4,175,08.07.2019,3.2762,3.3029,0.0267,
spider,leaves,M2,,leaves_11,179,08.07.2019,3.2769,3.3034,0.0265,
spider,start,M2,,181,181,08.07.2019,2.9787,2.9973,0.0186,
spider,oatmeal,M2,,oatmeal_2,182,08.07.2019,3.2656,3.2822,0.0166,
spider,leaves,M2,,leaves_15,183,08.07.2019,3.2771,3.3012,0.0241,
spider,start,M2,,187,187,08.07.2019,3.2768,3.2949,0.0181,
spider,leaves,M2,,leaves_20,192,08.07.2019,3.2182,3.2504,0.0322,
spider,fishfood,M2,,fishfood_1,198,08.07.2019,3.2653,3.3027,0.0374,
spider,fishfood,M2,,fishfood_19,199,08.07.2019,3.2767,3.2984,0.0217,
spider,start,M2,,202,202,08.07.2019,3.2795,3.302,0.0225,
spider,start,M2,,203,203,08.07.2019,3.2612,3.2872,0.026,
spider,start,M2,,205,205,08.07.2019,3.2169,3.2402,0.0233,
spider,leaves,M2,,leaves_1,207,08.07.2019,3.2627,3.2889,0.0262,
spider,leaves,M2,,leaves_19,210,08.07.2019,3.262,3.2996,0.0376,
spider,fishfood,M2,,fishfood_12,214,08.07.2019,2.9866,3.0184,0.0318,
spider,start,M2,,215,215,08.07.2019,2.9726,2.9994,0.0268,
spider,start,M2,,216,216,08.07.2019,2.9876,3.014,0.0264,
spider,start,M2,,224,224,08.07.2019,2.9867,3.0153,0.0286,
spider,start,M2,,225,225,08.07.2019,2.9678,3.0002,0.0324,
spider,oatmeal,M1,,oatmeal_1,126,08.05.2019,2.9675,3.0082,0.0407,
spider,oatmeal,M1,,oatmeal_1,126,15.05.2019,2.9767,3.0095,0.0328,
spider,oatmeal,M1,,oatmeal_1,126,22.05.2019,3.0147,3.0597,0.045,
spider,oatmeal,M1,,oatmeal_1,27,29.04.2019,2.9623,2.9755,0.0132,
spider,oatmeal,M1,,oatmeal_9,36,08.05.2019,3.0908,3.1055,0.0147,
spider,oatmeal,M1,,oatmeal_9,36,15.05.2019,2.975,2.9918,0.0168,
spider,oatmeal,M1,,oatmeal_9,36,22.05.2019,2.9879,3.0039,0.016,
spider,oatmeal,M1,,oatmeal_9,36,29.04.2019,2.9639,2.9776,0.0137,
spider,oatmeal,M1,,oatmeal_3,42,08.05.2019,2.9307,2.9626,0.0319,
spider,oatmeal,M1,,oatmeal_3,42,15.05.2019,2.9768,3.0024,0.0256,
spider,oatmeal,M1,,oatmeal_3,42,22.05.2019,2.9885,3.0205,0.032,
spider,oatmeal,M1,,oatmeal_3,42,29.04.2019,2.9686,3.0044,0.0358,
spider,oatmeal,M1,,oatmeal_17,46,08.05.2019,2.9297,2.9455,0.0158,
spider,oatmeal,M1,,oatmeal_17,46,15.05.2019,2.9978,3.014,0.0162,
spider,oatmeal,M1,,oatmeal_17,46,22.05.2019,3.0155,3.0331,0.0176,
spider,oatmeal,M1,,oatmeal_17,46,29.05.2019,2.9418,2.962,0.0202,
spider,oatmeal,M1,,oatmeal_17,46,29.04.2019,2.9982,3.0119,0.0137,
spider,oatmeal,M1,,oatmeal_19,56,08.05.2019,2.9353,2.953,0.0177,
spider,oatmeal,M1,,oatmeal_19,56,15.05.2019,2.9757,2.9926,0.0169,
spider,oatmeal,M1,,oatmeal_19,56,22.05.2019,2.9784,2.9892,0.0108,dead
spider,oatmeal,M1,,oatmeal_19,56,29.04.2019,2.9668,2.9821,0.0153,
spider,oatmeal,M1,,oatmeal_11,57,08.05.2019,2.9255,2.9436,0.0181,
spider,oatmeal,M1,,oatmeal_11,57,15.05.2019,2.9749,2.9922,0.0173,
spider,oatmeal,M1,,oatmeal_11,57,22.05.2019,3.0182,3.0368,0.0186,
spider,oatmeal,M1,,oatmeal_11,57,29.05.2019,2.9378,2.9621,0.0243,
spider,oatmeal,M1,,oatmeal_11,57,05.06.2019,3.2295,3.2569,0.0274,
spider,oatmeal,M1,,oatmeal_11,57,12.06.2019,3.2381,3.2612,0.0231,"rainy day, might be wet"
spider,oatmeal,M1,,oatmeal_11,57,29.04.2019,3.0021,3.0181,0.016,
spider,oatmeal,M1,,oatmeal_10,60,08.05.2019,3.084,3.0958,0.0118,
spider,oatmeal,M1,,oatmeal_10,60,15.05.2019,2.9965,3.0099,0.0134,
spider,oatmeal,M1,,oatmeal_10,60,22.05.2019,2.9959,3.0087,0.0128,
spider,oatmeal,M1,,oatmeal_10,60,29.04.2019,2.9677,2.9812,0.0135,
spider,oatmeal,M1,,oatmeal_14,66,08.05.2019,2.9221,2.9422,0.0201,
spider,oatmeal,M1,,oatmeal_14,66,15.05.2019,2.997,3.015,0.018,
spider,oatmeal,M1,,oatmeal_14,66,29.04.2019,2.9715,2.9855,0.014,
spider,oatmeal,M1,,oatmeal_16,68,08.05.2019,2.9305,2.9517,0.0212,molted before weighing
spider,oatmeal,M1,,oatmeal_16,68,15.05.2019,2.9761,2.9947,0.0186,
spider,oatmeal,M1,,oatmeal_16,68,22.05.2019,2.9852,3.0046,0.0194,
spider,oatmeal,M1,,oatmeal_16,68,29.04.2019,2.9671,2.9852,0.0181,
spider,oatmeal,M1,,oatmeal_8,72,08.05.2019,2.9277,2.9446,0.0169,
spider,oatmeal,M1,,oatmeal_8,72,15.05.2019,2.9973,3.0144,0.0171,
spider,oatmeal,M1,,oatmeal_8,72,22.05.2019,3.0113,3.0334,0.0221,
spider,oatmeal,M1,,oatmeal_8,72,29.05.2019,2.9408,2.9639,0.0231,
spider,oatmeal,M1,,oatmeal_8,72,05.06.2019,3.5752,3.5922,0.017,
spider,oatmeal,M1,,oatmeal_8,72,12.06.2019,3.2614,3.2841,0.0227,"rainy day, might be wet"
spider,oatmeal,M1,,oatmeal_8,72,29.04.2019,2.9707,2.9838,0.0131,
spider,oatmeal,M1,,oatmeal_12,73,08.05.2019,2.97,2.9927,0.0227,
spider,oatmeal,M1,,oatmeal_12,73,15.05.2019,2.9968,3.0153,0.0185,
spider,oatmeal,M1,,oatmeal_12,73,22.05.2019,3.0175,3.0362,0.0187,
spider,oatmeal,M1,,oatmeal_12,73,29.04.2019,3.0029,3.0212,0.0183,
spider,oatmeal,M1,,oatmeal_7,80,08.05.2019,2.9242,2.9465,0.0223,
spider,oatmeal,M1,,oatmeal_7,80,15.05.2019,2.9947,3.0199,0.0252,
spider,oatmeal,M1,,oatmeal_7,80,22.05.2019,2.9753,2.9968,0.0215,
spider,oatmeal,M1,,oatmeal_7,80,29.05.2019,3.0077,3.038,0.0303,
spider,oatmeal,M1,,oatmeal_7,80,05.06.2019,1.3113,1.3182,0.0069,"dead, opisthosoma missing"
spider,oatmeal,M1,,oatmeal_7,80,29.04.2019,2.9744,2.9941,0.0197,
spider,oatmeal,M1,,oatmeal_4,83,08.05.2019,2.9317,2.9464,0.0147,
spider,oatmeal,M1,,oatmeal_4,83,15.05.2019,2.9755,2.9931,0.0176,
spider,oatmeal,M1,,oatmeal_4,83,22.05.2019,3.0212,3.0384,0.0172,
spider,oatmeal,M1,,oatmeal_4,83,29.05.2019,2.9404,2.958,0.0176,molted
spider,oatmeal,M1,,oatmeal_4,83,05.06.2019,3.2479,3.2679,0.02,
spider,oatmeal,M1,,oatmeal_4,83,12.06.2019,3.2636,3.2828,0.0192,"rainy day, might be wet"
spider,oatmeal,M1,,oatmeal_4,83,29.04.2019,3.0042,3.0181,0.0139,
spider,oatmeal,M1,,oatmeal_2,85,08.05.2019,2.9307,2.9454,0.0147,
spider,oatmeal,M1,,oatmeal_2,85,15.05.2019,2.9749,2.9914,0.0165,
spider,oatmeal,M1,,oatmeal_2,85,22.05.2019,2.9791,2.9969,0.0178,
spider,oatmeal,M1,,oatmeal_2,85,29.05.2019,3.0097,3.0284,0.0187,
spider,oatmeal,M1,,oatmeal_2,85,05.06.2019,3.2587,3.2816,0.0229,
spider,oatmeal,M1,,oatmeal_2,85,12.06.2019,3.2613,3.283,0.0217,"rainy day, might be wet"
spider,oatmeal,M1,,oatmeal_2,85,29.04.2019,3.0062,3.0198,0.0136,
spider,oatmeal,M1,,oatmeal_20,90,08.05.2019,2.9232,2.9377,0.0145,
spider,oatmeal,M1,,oatmeal_20,90,15.05.2019,2.9781,2.9941,0.016,
spider,oatmeal,M1,,oatmeal_20,90,22.05.2019,2.9858,3.0006,0.0148,
spider,oatmeal,M1,,oatmeal_20,90,29.05.2019,3.0036,3.0209,0.0173,
spider,oatmeal,M1,,oatmeal_20,90,05.06.2019,3.2597,3.2775,0.0178,
spider,oatmeal,M1,,oatmeal_20,90,12.06.2019,3.2634,3.2818,0.0184,rainy day
spider,oatmeal,M1,,oatmeal_20,90,29.04.2019,2.968,2.9811,0.0131,
spider,oatmeal,M1,,oatmeal_6,94,08.05.2019,2.9251,2.9559,0.0308,
spider,oatmeal,M1,,oatmeal_6,94,15.05.2019,2.9966,3.0211,0.0245,
spider,oatmeal,M1,,oatmeal_6,94,22.05.2019,2.9802,3.006,0.0258,
spider,oatmeal,M1,,oatmeal_6,94,29.05.2019,3.0039,3.0146,0.0107,dead
spider,oatmeal,M1,,oatmeal_6,94,29.04.2019,2.9673,2.9891,0.0218,
spider,oatmeal,M1,,oatmeal_18,96,08.05.2019,2.9299,2.9448,0.0149,
spider,oatmeal,M1,,oatmeal_18,96,15.05.2019,2.9761,2.9911,0.015,
spider,oatmeal,M1,,oatmeal_18,96,22.05.2019,2.969,2.9973,0.0283,
spider,oatmeal,M1,,oatmeal_18,96,29.05.2019,3.008,3.0259,0.0179,
spider,oatmeal,M1,,oatmeal_18,96,05.06.2019,3.0104,3.0384,0.028,
spider,oatmeal,M1,,oatmeal_18,96,12.06.2019,3.2375,3.2639,0.0264,rainy day
spider,oatmeal,M1,,oatmeal_18,96,29.04.2019,2.9648,2.9788,0.014,
spider,oatmeal,M1,,oatmeal_15,99,08.05.2019,2.9382,2.9569,0.0187,
spider,oatmeal,M1,,oatmeal_15,99,15.05.2019,3.0002,3.0119,0.0117,died while molting?!
spider,oatmeal,M1,,oatmeal_15,99,29.04.2019,3.0054,3.022,0.0166,
spider,algae,M1,,algae_17,100,15.05.2019,2.9779,2.9926,0.0147,
spider,algae,M1,,algae_17,100,29.04.2019,2.966,2.979,0.013,
spider,oatmeal,M1,,oatmeal_13,113,08.05.2019,2.9237,2.9483,0.0246,
spider,oatmeal,M1,,oatmeal_13,113,15.05.2019,2.9784,2.9984,0.02,
spider,oatmeal,M1,,oatmeal_13,113,22.05.2019,3.0876,3.0981,0.0105,
spider,oatmeal,M1,,oatmeal_13,113,29.04.2019,3.0018,3.0271,0.0253,
spider,oatmeal,M1,,oatmeal_5,123,08.05.2019,3.1246,3.1384,0.0138,
spider,oatmeal,M1,,oatmeal_5,123,15.05.2019,2.9782,2.9949,0.0167,molted
spider,oatmeal,M1,,oatmeal_5,123,22.05.2019,3.0158,3.0304,0.0146,"molted, dead"
spider,oatmeal,M1,,oatmeal_5,123,03.05.2019,3.0028,3.0285,0.0257,replace spider
spider,oatmeal,M1,,oatmeal_5,123,07.05.2019,3.0009,3.0181,0.0172,"3 oat chiros, replace spider"
spider,oatmeal,M1,,oatmeal_1,126,03.05.2019,3.0104,3.0488,0.0384,replace spider
spider,oatmeal,M1,,oatmeal_1,126,07.05.2019,3.0024,3.037,0.0346,"3 oat chiros, replace spider"
spider,oatmeal,M2,130_oatmeal_11,oatmeal_11,130,15.07.2019,3.0164,3.0437,0.0273,
spider,oatmeal,M2,130_oatmeal_11,oatmeal_11,130,22.07.2019,2.9807,2.9958,0.0151,
spider,oatmeal,M2,130_oatmeal_11,oatmeal_11,130,26.07.2019,NA,NA,0.0196,"mit Ultrafeinwaage, tot im Aerarium"
spider,oatmeal,M2,130_oatmeal_11,oatmeal_11,130,08.07.2019,3.0063,3.0335,0.0272,
spider,oatmeal,M2,132_oatmeal_8,oatmeal_8,132,15.07.2019,3.0145,3.0376,0.0231,
spider,oatmeal,M2,132_oatmeal_8,oatmeal_8,132,22.07.2019,2.9751,2.9975,0.0224,
spider,oatmeal,M2,132_oatmeal_8,oatmeal_8,132,29.07.2019,3.0039,3.0302,0.0263,
spider,oatmeal,M2,132_oatmeal_8,oatmeal_8,132,08.07.2019,2.9834,3.0028,0.0194,
spider,oatmeal,M2,134_oatmeal_15,oatmeal_15,134,15.07.2019,2.9464,2.9798,0.0334,
spider,oatmeal,M2,134_oatmeal_15,oatmeal_15,134,22.07.2019,2.9786,3.0043,0.0257,
spider,oatmeal,M2,134_oatmeal_15,oatmeal_15,134,26.07.2019,NA,NA,0.0209,"mit Ultrafeinwaage, tot im Aerarium"
spider,oatmeal,M2,134_oatmeal_15,oatmeal_15,134,08.07.2019,2.9801,3.0017,0.0216,
spider,oatmeal,M2,146_oatmeal_9,oatmeal_9,146,15.07.2019,3.0159,3.0421,0.0262,
spider,oatmeal,M2,146_oatmeal_9,oatmeal_9,146,22.07.2019,2.9793,3.0058,0.0265,
spider,oatmeal,M2,146_oatmeal_9,oatmeal_9,146,08.07.2019,2.9613,2.9867,0.0254,
spider,oatmeal,M2,154_oatmeal_12,oatmeal_12,154,15.07.2019,3.0165,3.0407,0.0242,
spider,oatmeal,M2,154_oatmeal_12,oatmeal_12,154,22.07.2019,2.9778,3.0027,0.0249,
spider,oatmeal,M2,154_oatmeal_12,oatmeal_12,154,08.07.2019,3.2613,3.2874,0.0261,
spider,oatmeal,M2,157_oatmeal_17,oatmeal_17,157,15.07.2019,2.9548,2.9672,0.0124,
spider,oatmeal,M2,157_oatmeal_17,oatmeal_17,157,22.07.2019,2.9866,3.0036,0.017,
spider,oatmeal,M2,157_oatmeal_17,oatmeal_17,157,08.07.2019,3.2328,3.2515,0.0187,
spider,oatmeal,M2,159_oatmeal_4,oatmeal_4,159,15.07.2019,3.0152,3.0525,0.0373,
spider,oatmeal,M2,159_oatmeal_4,oatmeal_4,159,22.07.2019,2.9912,3.0243,0.0331,
spider,oatmeal,M2,159_oatmeal_4,oatmeal_4,159,08.07.2019,3.2815,3.3115,0.03,
spider,oatmeal,M2,160_oatmeal_20,oatmeal_20,160,15.07.2019,2.9421,2.9702,0.0281,
spider,oatmeal,M2,160_oatmeal_20,oatmeal_20,160,22.07.2019,2.9818,3.009,0.0272,
spider,oatmeal,M2,160_oatmeal_20,oatmeal_20,160,08.07.2019,3.261,3.2886,0.0276,
spider,oatmeal,M2,167_oatmeal_6,oatmeal_6,167,15.07.2019,2.9417,2.9557,0.014,
spider,oatmeal,M2,167_oatmeal_6,oatmeal_6,167,15.07.2019,3.0143,3.0337,0.0194,gewogen nach fütterung
spider,oatmeal,M2,167_oatmeal_6,oatmeal_6,167,22.07.2019,2.9773,2.9938,0.0165,
spider,oatmeal,M2,167_oatmeal_6,oatmeal_6,167,29.07.2019,2.96,2.9782,0.0182,
spider,oatmeal,M2,167_oatmeal_6,oatmeal_6,167,08.07.2019,3.2813,3.3002,0.0189,
spider,oatmeal,M2,186_oatmeal_3,oatmeal_3,186,15.07.2019,2.9414,2.9811,0.0397,
spider,oatmeal,M2,186_oatmeal_3,oatmeal_3,186,22.07.2019,2.979,3.0131,0.0341,
spider,oatmeal,M2,186_oatmeal_3,oatmeal_3,186,29.07.2019,2.9593,2.9884,0.0291,
spider,oatmeal,M2,186_oatmeal_3,oatmeal_3,186,08.07.2019,3.266,3.2959,0.0299,
spider,oatmeal,M2,189_oatmeal_13,oatmeal_13,189,15.07.2019,3.0146,3.0332,0.0186,
spider,oatmeal,M2,189_oatmeal_13,oatmeal_13,189,22.07.2019,2.9787,3.0043,0.0256,
spider,oatmeal,M2,189_oatmeal_13,oatmeal_13,189,08.07.2019,3.2762,3.295,0.0188,
spider,oatmeal,M2,190_oatmeal_10,oatmeal_10,190,15.07.2019,3.0153,3.0459,0.0306,
spider,oatmeal,M2,190_oatmeal_10,oatmeal_10,190,22.07.2019,2.9837,3.0127,0.029,
spider,oatmeal,M2,190_oatmeal_10,oatmeal_10,190,08.07.2019,3.2651,3.2905,0.0254,
spider,oatmeal,M2,195_oatmeal_14,oatmeal_14,195,15.07.2019,3.0159,3.0409,0.025,
spider,oatmeal,M2,195_oatmeal_14,oatmeal_14,195,22.07.2019,2.9911,3.0177,0.0266,
spider,oatmeal,M2,195_oatmeal_14,oatmeal_14,195,08.07.2019,3.2769,3.3024,0.0255,
spider,oatmeal,M2,204_oatmeal_5,oatmeal_5,204,15.07.2019,2.9398,2.9678,0.028,
spider,oatmeal,M2,204_oatmeal_5,oatmeal_5,204,22.07.2019,2.9788,2.9901,0.0113,
spider,oatmeal,M2,204_oatmeal_5,oatmeal_5,204,29.07.2019,2.9958,3.0211,0.0253,
spider,oatmeal,M2,204_oatmeal_5,oatmeal_5,204,08.07.2019,3.2668,3.2898,0.023,
spider,oatmeal,M2,217_oatmeal_19,oatmeal_19,217,22.07.2019,2.9784,3.0031,0.0247,
spider,oatmeal,M2,217_oatmeal_19,oatmeal_19,217,29.07.2019,3.0003,3.0217,0.0214,
spider,oatmeal,M2,217_oatmeal_19,oatmeal_19,217,08.07.2019,2.9801,3.0086,0.0285,
spider,oatmeal,M2,218_oatmeal_2,oatmeal_2,218,15.07.2019,3.0152,3.0541,0.0389,
spider,oatmeal,M2,218_oatmeal_2,oatmeal_2,218,22.07.2019,2.978,3.007,0.029,
spider,oatmeal,M2,218_oatmeal_2,oatmeal_2,218,26.07.2019,NA,NA,0.0158,"mit Ultrafeinwaage, tot im Aerarium"
spider,oatmeal,M2,218_oatmeal_2,oatmeal_2,218,29.07.2019,2.9497,2.9689,0.0192,
spider,oatmeal,M2,218_oatmeal_2,oatmeal_2,218,08.07.2019,2.986,3.019,0.033,
spider,oatmeal,M2,221_oatmeal_1,oatmeal_1,221,15.07.2019,2.944,2.965,0.021,
spider,oatmeal,M2,221_oatmeal_1,oatmeal_1,221,22.07.2019,2.9888,3.0122,0.0234,
spider,oatmeal,M2,221_oatmeal_1,oatmeal_1,221,08.07.2019,2.967,2.9897,0.0227,
spider,oatmeal,M2,222_oatmeal_7,oatmeal_7,222,15.07.2019,2.9402,2.9756,0.0354,
spider,oatmeal,M2,222_oatmeal_7,oatmeal_7,222,22.07.2019,2.9758,3.0035,0.0277,
spider,oatmeal,M2,222_oatmeal_7,oatmeal_7,222,08.07.2019,2.9821,3.0045,0.0224,
spider,oatmeal,M2,223_oatmeal_16,oatmeal_16,223,15.07.2019,2.942,2.9666,0.0246,
spider,oatmeal,M2,223_oatmeal_16,oatmeal_16,223,22.07.2019,2.9804,3.0067,0.0263,
spider,oatmeal,M2,223_oatmeal_16,oatmeal_16,223,08.07.2019,2.9697,2.9966,0.0269,
spider,oatmeal,M2,228_oatmeal_18,oatmeal_18,228,15.07.2019,3.0164,3.035,0.0186,
spider,oatmeal,M2,228_oatmeal_18,oatmeal_18,228,22.07.2019,2.9921,3.0124,0.0203,
spider,oatmeal,M2,228_oatmeal_18,oatmeal_18,228,08.07.2019,2.9834,3.0038,0.0204,
spider,oatmeal,M1,,oatmeal_15,99,22.05.2019,1.9465,1.9684,0.0219,frozen since death ~-80°C
spider,leaves,M1,,leaves_15,26,08.05.2019,2.9816,2.997,0.0154,
spider,leaves,M1,,leaves_15,26,29.04.2019,2.961,2.9788,0.0178,
spider,leaves,M1,,leaves_11,28,08.05.2019,2.9299,2.9431,0.0132,
spider,leaves,M1,,leaves_11,28,29.04.2019,2.9635,2.9777,0.0142,
spider,leaves,M1,,leaves_9,29,08.05.2019,2.9322,2.9512,0.019,
spider,leaves,M1,,leaves_9,29,29.04.2019,2.9633,2.9801,0.0168,
spider,leaves,M1,,leaves_20,30,08.05.2019,2.9233,2.9461,0.0228,
spider,leaves,M1,,leaves_20,30,29.04.2019,2.9644,2.985,0.0206,
spider,leaves,M1,,leaves_16,31,08.05.2019,2.9274,2.9497,0.0223,
spider,leaves,M1,,leaves_16,31,29.04.2019,2.9642,2.9789,0.0147,
spider,leaves,M1,,leaves_17,32,08.05.2019,2.9262,2.9405,0.0143,
spider,leaves,M1,,leaves_17,32,29.04.2019,2.9656,2.9808,0.0152,
spider,leaves,M1,,leaves_8,35,08.05.2019,2.933,2.9507,0.0177,
spider,leaves,M1,,leaves_8,35,29.04.2019,2.9652,2.9783,0.0131,
spider,leaves,M1,,leaves_13,47,08.05.2019,2.9227,2.9393,0.0166,
spider,leaves,M1,,leaves_13,47,29.04.2019,2.9638,2.979,0.0152,
spider,leaves,M1,,leaves_2,51,08.05.2019,2.927,2.9455,0.0185,
spider,leaves,M1,,leaves_2,51,29.04.2019,2.9994,3.0138,0.0144,
spider,leaves,M1,,leaves_3,58,08.05.2019,2.9344,2.9473,0.0129,
spider,leaves,M1,,leaves_3,58,29.04.2019,2.9658,2.982,0.0162,
spider,leaves,M1,,leaves_12,61,08.05.2019,3.0599,3.0872,0.0273,
spider,leaves,M1,,leaves_12,61,29.04.2019,3.0027,3.0249,0.0222,
spider,leaves,M1,,leaves_1,76,08.05.2019,2.9321,2.9489,0.0168,
spider,leaves,M1,,leaves_1,76,29.04.2019,2.9753,2.9909,0.0156,
spider,leaves,M1,,leaves_7,87,08.05.2019,2.969,2.9997,0.0307,
spider,leaves,M1,,leaves_7,87,29.04.2019,3.0039,3.0285,0.0246,
spider,leaves,M1,,leaves_18,91,08.05.2019,2.9291,2.9508,0.0217,
spider,leaves,M1,,leaves_18,91,29.04.2019,3.0061,3.0246,0.0185,
spider,leaves,M1,,leaves_6,98,08.05.2019,2.9235,2.9425,0.019,
spider,leaves,M1,,leaves_6,98,29.04.2019,2.9654,2.9809,0.0155,
spider,leaves,M1,,leaves_19,102,08.05.2019,2.9275,2.9473,0.0198,
spider,leaves,M1,,leaves_19,102,29.04.2019,2.9673,2.9829,0.0156,
spider,leaves,M1,,leaves_14,109,08.05.2019,2.9372,2.9551,0.0179,
spider,leaves,M1,,leaves_14,109,29.04.2019,3.0068,3.0229,0.0161,
spider,leaves,M1,,leaves_5,110,08.05.2019,2.9284,2.9481,0.0197,
spider,leaves,M1,,leaves_5,110,29.04.2019,2.9678,2.9848,0.017,
spider,leaves,M1,,leaves_10,112,08.05.2019,2.9244,2.9581,0.0337,
spider,leaves,M1,,leaves_10,112,29.04.2019,2.9654,2.9897,0.0243,
spider,leaves,M1,,leaves_4,119,08.05.2019,2.9305,2.9547,0.0242,
spider,leaves,M1,,leaves_4,119,29.04.2019,3.0025,3.0257,0.0232,
spider,leaves,M2,142_leaves_8,leaves_8,142,15.07.2019,3.0162,3.0409,0.0247,
spider,leaves,M2,142_leaves_8,leaves_8,142,22.07.2019,2.9914,3.0171,0.0257,
spider,leaves,M2,142_leaves_8,leaves_8,142,08.07.2019,2.9641,2.9879,0.0238,
spider,leaves,M2,149_leaves_7,leaves_7,149,15.07.2019,3.0216,3.0448,0.0232,
spider,leaves,M2,149_leaves_7,leaves_7,149,22.07.2019,2.9799,3.0071,0.0272,
spider,leaves,M2,149_leaves_7,leaves_7,149,08.07.2019,3.2615,3.2883,0.0268,
spider,leaves,M2,150_leaves_4,leaves_4,150,15.07.2019,3.0138,3.0352,0.0214,
spider,leaves,M2,150_leaves_4,leaves_4,150,22.07.2019,2.9758,2.9956,0.0198,
spider,leaves,M2,150_leaves_4,leaves_4,150,29.07.2019,3.0048,3.0246,0.0198,
spider,leaves,M2,150_leaves_4,leaves_4,150,08.07.2019,3.233,3.2544,0.0214,
spider,leaves,M2,152_leaves_5,leaves_5,152,15.07.2019,3.0172,3.0445,0.0273,
spider,leaves,M2,152_leaves_5,leaves_5,152,22.07.2019,2.9761,3.0032,0.0271,
spider,leaves,M2,152_leaves_5,leaves_5,152,08.07.2019,3.2612,3.2837,0.0225,
spider,leaves,M2,153_leaves_1,leaves_1,153,15.07.2019,2.9393,2.9686,0.0293,
spider,leaves,M2,153_leaves_1,leaves_1,153,22.07.2019,2.9788,3.0008,0.022,
spider,leaves,M2,153_leaves_1,leaves_1,153,29.07.2019,3.0066,3.0308,0.0242,
spider,leaves,M2,153_leaves_1,leaves_1,153,08.07.2019,3.2811,3.3059,0.0248,
spider,leaves,M2,169_leaves_3,leaves_3,169,15.07.2019,3.0155,3.0629,0.0474,
spider,leaves,M2,169_leaves_3,leaves_3,169,22.07.2019,2.9919,3.0256,0.0337,
spider,leaves,M2,169_leaves_3,leaves_3,169,08.07.2019,3.2326,3.2636,0.031,
spider,leaves,M2,172_leaves_19,leaves_19,172,15.07.2019,3.0162,3.0391,0.0229,
spider,leaves,M2,172_leaves_19,leaves_19,172,22.07.2019,2.9946,3.0134,0.0188,
spider,leaves,M2,172_leaves_19,leaves_19,172,08.07.2019,2.9814,3.0008,0.0194,
spider,leaves,M2,174_leaves_10,leaves_10,174,15.07.2019,2.94,2.9689,0.0289,
spider,leaves,M2,174_leaves_10,leaves_10,174,22.07.2019,2.9753,3.0039,0.0286,
spider,leaves,M2,174_leaves_10,leaves_10,174,08.07.2019,3.2176,3.2445,0.0269,
spider,leaves,M2,176_leaves_18,leaves_18,176,15.07.2019,2.9407,2.9726,0.0319,
spider,leaves,M2,176_leaves_18,leaves_18,176,22.07.2019,2.9888,3.0138,0.025,
spider,leaves,M2,176_leaves_18,leaves_18,176,08.07.2019,3.2652,3.2897,0.0245,
spider,leaves,M2,178_leaves_17,leaves_17,178,15.07.2019,2.945,2.9688,0.0238,
spider,leaves,M2,178_leaves_17,leaves_17,178,22.07.2019,2.978,3.0002,0.0222,
spider,leaves,M2,178_leaves_17,leaves_17,178,29.07.2019,2.9971,3.0205,0.0234,
spider,leaves,M2,178_leaves_17,leaves_17,178,08.07.2019,3.2171,3.2385,0.0214,
spider,leaves,M2,184_leaves_2,leaves_2,184,22.07.2019,2.9852,3.03,0.0448,put in experiment for dead 197
spider,leaves,M2,184_leaves_2,leaves_2,184,08.07.2019,3.2199,3.2431,0.0232,
spider,leaves,M2,191_leaves_9,leaves_9,191,15.07.2019,3.0175,3.0335,0.016,
spider,leaves,M2,191_leaves_9,leaves_9,191,22.07.2019,2.9928,3.0073,0.0145,
spider,leaves,M2,191_leaves_9,leaves_9,191,08.07.2019,3.277,3.2947,0.0177,
spider,leaves,M2,193_leaves_12,leaves_12,193,15.07.2019,2.942,2.9662,0.0242,
spider,leaves,M2,193_leaves_12,leaves_12,193,22.07.2019,2.9799,2.9975,0.0176,
spider,leaves,M2,193_leaves_12,leaves_12,193,29.07.2019,3.0038,3.0254,0.0216,
spider,leaves,M2,193_leaves_12,leaves_12,193,08.07.2019,3.2768,3.2996,0.0228,
spider,leaves,M2,194_leaves_16,leaves_16,194,15.07.2019,3.022,3.0405,0.0185,
spider,leaves,M2,194_leaves_16,leaves_16,194,22.07.2019,2.9773,2.9996,0.0223,
spider,leaves,M2,194_leaves_16,leaves_16,194,29.07.2019,3.0009,3.0273,0.0264,
spider,leaves,M2,194_leaves_16,leaves_16,194,08.07.2019,3.2633,3.2831,0.0198,
spider,leaves,M2,197_leaves_2,leaves_2,197,15.07.2019,3.0165,3.043,0.0265,
spider,leaves,M2,197_leaves_2,leaves_2,197,19.07.2019,NA,NA,0.0213801,mit Ultrafeinwaage im gruenen Keller gewogen
spider,leaves,M2,197_leaves_2,leaves_2,197,08.07.2019,3.277,3.297,0.02,
spider,leaves,M2,208_leaves_20,leaves_20,208,15.07.2019,2.938,2.9646,0.0266,
spider,leaves,M2,208_leaves_20,leaves_20,208,22.07.2019,2.9922,3.0233,0.0311,
spider,leaves,M2,208_leaves_20,leaves_20,208,26.07.2019,NA,NA,0.0107,"mit Ultrafeinwaage, tot im Aerarium"
spider,leaves,M2,208_leaves_20,leaves_20,208,08.07.2019,3.2674,3.2918,0.0244,
spider,leaves,M2,209_leaves_11,leaves_11,209,15.07.2019,3.0128,3.0414,0.0286,
spider,leaves,M2,209_leaves_11,leaves_11,209,22.07.2019,2.9787,2.9978,0.0191,
spider,leaves,M2,209_leaves_11,leaves_11,209,29.07.2019,2.9944,3.0144,0.0200,
spider,leaves,M2,209_leaves_11,leaves_11,209,08.07.2019,3.2809,3.3047,0.0238,
spider,leaves,M2,211_leaves_15,leaves_15,211,15.07.2019,2.9381,2.9582,0.0201,
spider,leaves,M2,211_leaves_15,leaves_15,211,22.07.2019,2.9909,3.0157,0.0248,
spider,leaves,M2,211_leaves_15,leaves_15,211,08.07.2019,3.2189,3.2361,0.0172,
spider,leaves,M2,220_leaves_13,leaves_13,220,15.07.2019,2.9412,2.9631,0.0219,
spider,leaves,M2,220_leaves_13,leaves_13,220,22.07.2019,2.983,3.0126,0.0296,
spider,leaves,M2,220_leaves_13,leaves_13,220,08.07.2019,2.9819,3.0075,0.0256,
spider,leaves,M2,226_leaves_6,leaves_6,226,15.07.2019,2.9471,2.9679,0.0208,
spider,leaves,M2,226_leaves_6,leaves_6,226,22.07.2019,2.9766,3.0015,0.0249,
spider,leaves,M2,226_leaves_6,leaves_6,226,26.07.2019,NA,NA,0.0234,"mit Ultrafeinwaage, tot im Aerarium"
spider,leaves,M2,226_leaves_6,leaves_6,226,08.07.2019,2.9825,3.0125,0.03,
spider,leaves,M2,227_leaves_14,leaves_14,227,15.07.2019,2.9432,2.9597,0.0165,
spider,leaves,M2,227_leaves_14,leaves_14,227,22.07.2019,2.9836,3.0102,0.0266,
spider,leaves,M2,227_leaves_14,leaves_14,227,08.07.2019,2.9666,2.9867,0.0201,
spider,leaves,M2,,leaves_11,179,15.07.2019,1.9495,1.9539,0.0044,"dead, only prosoma + legs, no photo"
spider,fishfood,M1,,fishfood_6,23,08.05.2019,2.9309,2.945,0.0141,
spider,fishfood,M1,,fishfood_6,23,15.05.2019,2.999,3.0109,0.0119,
spider,fishfood,M1,,fishfood_6,23,22.05.2019,3.0109,3.024,0.0131,
spider,fishfood,M1,,fishfood_6,23,29.05.2019,3.0084,3.0221,0.0137,
spider,fishfood,M1,,fishfood_6,23,05.06.2019,3.2591,3.2756,0.0165,
spider,fishfood,M1,,fishfood_6,23,29.04.2019,2.9634,2.9784,0.015,
spider,fishfood,M1,,fishfood_5,25,08.05.2019,2.9337,2.9505,0.0168,
spider,fishfood,M1,,fishfood_5,25,15.05.2019,2.9757,2.9889,0.0132,
spider,fishfood,M1,,fishfood_5,25,22.05.2019,3.0167,3.0299,0.0132,
spider,fishfood,M1,,fishfood_5,25,29.04.2019,2.961,2.9748,0.0138,
spider,fishfood,M1,,fishfood_18,43,08.05.2019,2.9716,2.9966,0.025,
spider,fishfood,M1,,fishfood_18,43,15.05.2019,2.9774,2.9981,0.0207,
spider,fishfood,M1,,fishfood_18,43,22.05.2019,2.9709,2.9942,0.0233,
spider,fishfood,M1,,fishfood_18,43,29.04.2019,2.9666,2.9886,0.022,
spider,fishfood,M1,,fishfood_6,23,12.06.2019,3.2654,3.2816,0.0162,"rainy day, might be wet"
spider,fishfood,M1,,fishfood_15,45,08.05.2019,2.9408,2.9587,0.0179,
spider,fishfood,M1,,fishfood_15,45,15.05.2019,2.9968,3.0138,0.017,
spider,fishfood,M1,,fishfood_15,45,22.05.2019,3.0044,3.0193,0.0149,
spider,fishfood,M1,,fishfood_15,45,29.04.2019,2.9636,2.9784,0.0148,
spider,fishfood,M1,,fishfood_9,50,08.05.2019,3.1008,3.1142,0.0134,
spider,fishfood,M1,,fishfood_9,50,15.05.2019,2.9781,2.9928,0.0147,
spider,fishfood,M1,,fishfood_9,50,22.05.2019,2.9902,3.0057,0.0155,
spider,fishfood,M1,,fishfood_9,50,29.05.2019,2.9409,2.9579,0.017,
spider,fishfood,M1,,fishfood_9,50,29.04.2019,2.9989,3.0129,0.014,
spider,fishfood,M1,,fishfood_19,52,08.05.2019,2.9338,2.9506,0.0168,
spider,fishfood,M1,,fishfood_19,52,15.05.2019,2.976,2.9895,0.0135,
spider,fishfood,M1,,fishfood_19,52,22.05.2019,2.9794,2.9929,0.0135,
spider,fishfood,M1,,fishfood_19,52,29.04.2019,2.965,2.9841,0.0191,
spider,fishfood,M1,,fishfood_4,53,08.05.2019,2.9695,2.9905,0.021,
spider,fishfood,M1,,fishfood_4,53,15.05.2019,2.9963,3.0147,0.0184,
spider,fishfood,M1,,fishfood_4,53,22.05.2019,3.0129,3.0303,0.0174,
spider,fishfood,M1,,fishfood_4,53,29.05.2019,3.0038,3.0231,0.0193,
spider,fishfood,M1,,fishfood_4,53,05.06.2019,1.9486,1.9576,0.009,dead
spider,fishfood,M1,,fishfood_4,53,29.04.2019,3.0002,3.0178,0.0176,
spider,fishfood,M1,,fishfood_3,55,08.05.2019,2.9282,2.9507,0.0225,
spider,fishfood,M1,,fishfood_3,55,15.05.2019,2.9978,3.0178,0.02,molted before weighing
spider,fishfood,M1,,fishfood_3,55,22.05.2019,3.0101,3.0318,0.0217,
spider,fishfood,M1,,fishfood_3,55,29.05.2019,2.94,2.9634,0.0234,
spider,fishfood,M1,,fishfood_3,55,05.06.2019,1.9235,1.9295,0.006,dead
spider,fishfood,M1,,fishfood_3,55,29.04.2019,3.0009,3.0223,0.0214,
spider,fishfood,M1,,fishfood_12,64,08.05.2019,2.923,2.9445,0.0215,
spider,fishfood,M1,,fishfood_12,64,15.05.2019,2.9764,2.9945,0.0181,
spider,fishfood,M1,,fishfood_12,64,22.05.2019,3.0155,3.0371,0.0216,
spider,fishfood,M1,,fishfood_12,64,29.05.2019,2.9387,2.9582,0.0195,
spider,fishfood,M1,,fishfood_12,64,05.06.2019,1.9024,1.9104,0.008,dead
spider,fishfood,M1,,fishfood_12,64,29.04.2019,2.9683,2.9851,0.0168,
spider,fishfood,M1,,fishfood_20,67,08.05.2019,2.9401,2.9522,0.0121,
spider,fishfood,M1,,fishfood_20,67,15.05.2019,2.9766,2.9914,0.0148,
spider,fishfood,M1,,fishfood_20,67,22.05.2019,3.0074,3.027,0.0196,dead
spider,fishfood,M1,,fishfood_20,67,29.04.2019,3.0029,3.0171,0.0142,
spider,fishfood,M1,,fishfood_17,69,08.05.2019,3.0672,3.0877,0.0205,
spider,fishfood,M1,,fishfood_17,69,15.05.2019,2.9765,2.9956,0.0191,
spider,fishfood,M1,,fishfood_17,69,22.05.2019,3.0237,3.041,0.0173,
spider,fishfood,M1,,fishfood_17,69,29.05.2019,3.0066,3.0331,0.0265,
spider,fishfood,M1,,fishfood_17,69,05.06.2019,3.2312,3.263,0.0318,
spider,fishfood,M1,,fishfood_17,69,12.06.2019,3.2384,3.2654,0.027,"rainy day, might be wet"
spider,fishfood,M1,,fishfood_17,69,29.04.2019,3.0032,3.0198,0.0166,
spider,fishfood,M1,,fishfood_8,71,08.05.2019,2.9311,2.9521,0.021,
spider,fishfood,M1,,fishfood_8,71,15.05.2019,2.9748,2.9956,0.0208,
spider,fishfood,M1,,fishfood_8,71,22.05.2019,3.1332,3.1414,0.0082,dead
spider,fishfood,M1,,fishfood_8,71,29.04.2019,3.0008,3.0212,0.0204,
spider,fishfood,M1,,fishfood_7,84,22.05.2019,1.923,1.9416,0.0186,frozen since death ~-80°C
spider,fishfood,M1,,fishfood_7,84,29.04.2019,2.9675,2.9932,0.0257,
spider,fishfood,M1,,fishfood_1,93,08.05.2019,2.9287,2.9465,0.0178,
spider,fishfood,M1,,fishfood_1,93,15.05.2019,2.9763,2.9925,0.0162,
spider,fishfood,M1,,fishfood_1,93,22.05.2019,2.9829,3.0029,0.02,dead
spider,fishfood,M1,,fishfood_1,93,29.04.2019,3.0025,3.0187,0.0162,
spider,fishfood,M1,,fishfood_2,95,08.05.2019,2.9673,2.9863,0.019,
spider,fishfood,M1,,fishfood_2,95,29.04.2019,3.0012,3.0189,0.0177,
spider,fishfood,M1,,fishfood_10,107,08.05.2019,2.9336,2.9519,0.0183,
spider,fishfood,M1,,fishfood_10,107,15.05.2019,2.9771,2.9931,0.016,
spider,fishfood,M1,,fishfood_10,107,22.05.2019,2.9922,3.0089,0.0167,
spider,fishfood,M1,,fishfood_10,107,29.05.2019,3.0083,3.0268,0.0185,
spider,fishfood,M1,,fishfood_10,107,05.06.2019,3.2476,3.2703,0.0227,
spider,fishfood,M1,,fishfood_10,107,12.06.2019,3.2609,3.2819,0.021,rainy day
spider,fishfood,M1,,fishfood_10,107,29.04.2019,3.0151,3.0276,0.0125,
spider,fishfood,M1,,fishfood_16,108,08.05.2019,2.9291,2.9506,0.0215,
spider,fishfood,M1,,fishfood_16,108,15.05.2019,2.9785,2.9937,0.0152,
spider,fishfood,M1,,fishfood_16,108,29.04.2019,2.9708,2.9919,0.0211,
spider,fishfood,M1,,fishfood_14,117,08.05.2019,2.9314,2.9532,0.0218,
spider,fishfood,M1,,fishfood_14,117,15.05.2019,2.9975,3.0176,0.0201,
spider,fishfood,M1,,fishfood_14,117,22.05.2019,3.0111,3.0277,0.0166,dead
spider,fishfood,M1,,fishfood_14,117,29.04.2019,3.0018,3.0219,0.0201,
spider,fishfood,M1,,fishfood_11,120,08.05.2019,2.9307,2.9522,0.0215,
spider,fishfood,M1,,fishfood_11,120,15.05.2019,2.9753,2.9937,0.0184,
spider,fishfood,M1,,fishfood_11,120,22.05.2019,2.9817,2.9983,0.0166,
spider,fishfood,M1,,fishfood_11,120,29.05.2019,3.0094,3.025,0.0156,
spider,fishfood,M1,,fishfood_11,120,05.06.2019,1.9013,1.9077,0.0064,dead
spider,fishfood,M1,,fishfood_11,120,29.04.2019,2.9673,2.984,0.0167,
spider,fishfood,M1,,fishfood_13,121,08.05.2019,2.9278,2.9485,0.0207,
spider,fishfood,M1,,fishfood_13,121,29.04.2019,3.0079,3.0234,0.0155,
spider,fishfood,M1,,fishfood_7,127,08.05.2019,2.9239,2.9407,0.0168,
spider,fishfood,M1,,fishfood_7,127,15.05.2019,2.9982,3.0191,0.0209,
spider,fishfood,M1,,fishfood_7,127,22.05.2019,3.0205,3.0371,0.0166,
spider,fishfood,M1,,fishfood_7,127,29.05.2019,3.0073,3.0265,0.0192,
spider,fishfood,M1,,fishfood_7,127,05.06.2019,1.948,1.9528,0.0048,dead
spider,fishfood,M1,,fishfood_7,127,03.05.2019,3.0092,3.0275,0.0183,replace spider
spider,fishfood,M2,131_fishfood_14,fishfood_14,131,15.07.2019,2.9432,2.9655,0.0223,
spider,fishfood,M2,131_fishfood_14,fishfood_14,131,22.07.2019,2.9861,3.013,0.0269,
spider,fishfood,M2,131_fishfood_14,fishfood_14,131,08.07.2019,3.0076,3.0321,0.0245,
spider,fishfood,M2,136_fishfood_4,fishfood_4,136,15.07.2019,2.9431,2.9674,0.0243,
spider,fishfood,M2,136_fishfood_4,fishfood_4,136,22.07.2019,2.9764,3.0019,0.0255,
spider,fishfood,M2,136_fishfood_4,fishfood_4,136,26.07.2019,NA,NA,0.0132,"mit Ultrafeinwaage, tot im Aerarium"
spider,fishfood,M2,136_fishfood_4,fishfood_4,136,08.07.2019,2.982,3.0064,0.0244,
spider,fishfood,M2,137_fishfood_18,fishfood_18,137,15.07.2019,2.942,2.9693,0.0273,
spider,fishfood,M2,137_fishfood_18,fishfood_18,137,22.07.2019,2.9888,3.0148,0.026,
spider,fishfood,M2,137_fishfood_18,fishfood_18,137,08.07.2019,3.2625,3.2862,0.0237,
spider,fishfood,M2,139_fishfood_11,fishfood_11,139,15.07.2019,3.0158,3.0412,0.0254,
spider,fishfood,M2,139_fishfood_11,fishfood_11,139,22.07.2019,2.9796,3.0008,0.0212,
spider,fishfood,M2,139_fishfood_11,fishfood_11,139,29.07.2019,2.9631,2.9831,0.0200,
spider,fishfood,M2,139_fishfood_11,fishfood_11,139,08.07.2019,3.2182,3.2378,0.0196,
spider,fishfood,M2,140_fishfood_16,fishfood_16,140,15.07.2019,2.9408,2.9719,0.0311,
spider,fishfood,M2,140_fishfood_16,fishfood_16,140,22.07.2019,2.981,3.0046,0.0236,
spider,fishfood,M2,140_fishfood_16,fishfood_16,140,08.07.2019,3.2778,3.3005,0.0227,
spider,fishfood,M2,147_fishfood_2,fishfood_2,147,15.07.2019,2.9416,2.9658,0.0242,
spider,fishfood,M2,147_fishfood_2,fishfood_2,147,22.07.2019,2.9759,3.0032,0.0273,
spider,fishfood,M2,147_fishfood_2,fishfood_2,147,29.07.2019,2.9548,2.9793,0.0245,
spider,fishfood,M2,147_fishfood_2,fishfood_2,147,08.07.2019,3.2609,3.2875,0.0266,
spider,fishfood,M2,148_fishfood_1,fishfood_1,148,22.07.2019,2.9786,3.007,0.0284,
spider,fishfood,M2,148_fishfood_1,fishfood_1,148,15.07.2019,3.0131,3.042,0.0289,
spider,fishfood,M2,148_fishfood_1,fishfood_1,148,08.07.2019,3.2815,3.3027,0.0212,
spider,fishfood,M2,158_fishfood_9,fishfood_9,158,15.07.2019,2.9428,2.9758,0.033,
spider,fishfood,M2,158_fishfood_9,fishfood_9,158,22.07.2019,2.9778,3.0063,0.0285,
spider,fishfood,M2,158_fishfood_9,fishfood_9,158,08.07.2019,3.2609,3.2874,0.0265,
spider,fishfood,M2,161_fishfood_7,fishfood_7,161,15.07.2019,3.02,3.0442,0.0242,
spider,fishfood,M2,161_fishfood_7,fishfood_7,161,22.07.2019,2.9834,3.017,0.0336,
spider,fishfood,M2,161_fishfood_7,fishfood_7,161,08.07.2019,3.232,3.2548,0.0228,
spider,fishfood,M2,162_fishfood_4,fishfood_4,162,29.07.2019,2.9897,3.0227,0.0330,
spider,fishfood,M2,162_fishfood_4,fishfood_4,162,08.07.2019,3.2619,3.2772,0.0153,
spider,fishfood,M2,166_fishfood_12,fishfood_12,166,15.07.2019,2.9418,2.974,0.0322,
spider,fishfood,M2,166_fishfood_12,fishfood_12,166,22.07.2019,2.9781,2.9971,0.019,
spider,fishfood,M2,166_fishfood_12,fishfood_12,166,26.07.2019,NA,NA,0.0039,"mit Ultrafeinwaage, tot im Aerarium"
spider,fishfood,M2,166_fishfood_12,fishfood_12,166,08.07.2019,3.2607,3.2882,0.0275,
spider,fishfood,M2,177_fishfood_19,fishfood_19,177,15.07.2019,2.9378,2.9755,0.0377,
spider,fishfood,M2,177_fishfood_19,fishfood_19,177,22.07.2019,2.9855,3.0157,0.0302,
spider,fishfood,M2,177_fishfood_19,fishfood_19,177,26.07.2019,NA,NA,0.0030,"mit Ultrafeinwaage, tot im Aerarium"
spider,fishfood,M2,177_fishfood_19,fishfood_19,177,08.07.2019,3.2767,3.3006,0.0239,
spider,fishfood,M2,180_fishfood_6,fishfood_6,180,15.07.2019,3.0159,3.0333,0.0174,
spider,fishfood,M2,180_fishfood_6,fishfood_6,180,22.07.2019,2.9813,2.9954,0.0141,
spider,fishfood,M2,180_fishfood_6,fishfood_6,180,29.07.2019,2.9537,2.9716,0.0179,
spider,fishfood,M2,180_fishfood_6,fishfood_6,180,08.07.2019,2.9623,2.9785,0.0162,
spider,fishfood,M2,185_fishfood_17,fishfood_17,185,15.07.2019,3.015,3.0369,0.0219,
spider,fishfood,M2,185_fishfood_17,fishfood_17,185,22.07.2019,2.9781,3.0033,0.0252,
spider,fishfood,M2,185_fishfood_17,fishfood_17,185,08.07.2019,3.2768,3.2969,0.0201,
spider,fishfood,M2,188_fishfood_20,fishfood_20,188,15.07.2019,2.9416,2.9656,0.024,
spider,fishfood,M2,188_fishfood_20,fishfood_20,188,22.07.2019,2.991,3.0207,0.0297,
spider,fishfood,M2,188_fishfood_20,fishfood_20,188,29.07.2019,2.9972,3.0217,0.0245,
spider,fishfood,M2,188_fishfood_20,fishfood_20,188,08.07.2019,3.2168,3.2405,0.0237,
spider,fishfood,M2,196_fishfood_5,fishfood_5,196,15.07.2019,3.0157,3.05,0.0343,
spider,fishfood,M2,196_fishfood_5,fishfood_5,196,22.07.2019,2.9754,3.0064,0.031,
spider,fishfood,M2,196_fishfood_5,fishfood_5,196,08.07.2019,3.217,3.2469,0.0299,
spider,fishfood,M2,201_fishfood_13,fishfood_13,201,15.07.2019,3.0161,3.0439,0.0278,
spider,fishfood,M2,201_fishfood_13,fishfood_13,201,22.07.2019,2.9788,3.0043,0.0255,
spider,fishfood,M2,201_fishfood_13,fishfood_13,201,29.07.2019,2.9924,3.0208,0.0284,
spider,fishfood,M2,201_fishfood_13,fishfood_13,201,08.07.2019,3.2168,3.2422,0.0254,
spider,fishfood,M2,206_fishfood_10,fishfood_10,206,15.07.2019,2.9428,2.975,0.0322,
spider,fishfood,M2,206_fishfood_10,fishfood_10,206,22.07.2019,2.9889,3.0213,0.0324,
spider,fishfood,M2,206_fishfood_10,fishfood_10,206,08.07.2019,3.2764,3.3086,0.0322,
spider,fishfood,M2,212_fishfood_15,fishfood_15,212,15.07.2019,2.9439,2.9713,0.0274,
spider,fishfood,M2,212_fishfood_15,fishfood_15,212,22.07.2019,2.9783,3.005,0.0267,
spider,fishfood,M2,212_fishfood_15,fishfood_15,212,08.07.2019,3.2775,3.3056,0.0281,
spider,fishfood,M2,213_fishfood_8,fishfood_8,213,15.07.2019,2.9422,2.963,0.0208,
spider,fishfood,M2,213_fishfood_8,fishfood_8,213,22.07.2019,2.982,3.0011,0.0191,
spider,fishfood,M2,213_fishfood_8,fishfood_8,213,08.07.2019,2.9682,2.9868,0.0186,
spider,fishfood,M2,219_fishfood_3,fishfood_3,219,15.07.2019,3.0162,3.0405,0.0243,
spider,fishfood,M2,219_fishfood_3,fishfood_3,219,22.07.2019,2.9825,3.0061,0.0236,
spider,fishfood,M2,219_fishfood_3,fishfood_3,219,08.07.2019,2.9712,2.9927,0.0215,
spider,fishfood,M1,,fishfood_13,121,22.05.2019,1.915,1.9296,0.0146,frozen since death ~-80°C
spider,fishfood,M1,,fishfood_16,108,22.05.2019,1.9461,1.9587,0.0126,frozen since death ~-80°C
spider,fishfood,M1,,fishfood_2,95,22.05.2019,1.9492,1.9617,0.0125,frozen since death ~-80°C
spider,fishfood,M2,,fishfood_1,198,15.07.2019,1.9494,1.961,0.0116,"dead, no photo"
spider,fishfood,M2,,fishfood_12,214,15.07.2019,1.9492,1.9511,0.0019,"dead, only prosoma + legs, no photo"
spider,fishfood,M2,,fishfood_19,199,15.07.2019,1.9493,1.9538,0.0045,"dead, only prosoma + legs, no photo"
spider,algae,M1,,algae_15,33,08.05.2019,2.9274,2.9467,0.0193,
spider,algae,M1,,algae_15,33,15.05.2019,2.9754,2.9928,0.0174,
spider,algae,M1,,algae_15,33,22.05.2019,2.9794,2.9983,0.0189,
spider,algae,M1,,algae_15,33,29.05.2019,2.9411,2.9574,0.0163,
spider,algae,M1,,algae_15,33,07.06.2019,1.9493,1.9532,0.0039,dead
spider,algae,M1,,algae_15,33,29.04.2019,2.9702,2.9868,0.0166,
spider,algae,M1,,algae_10,34,08.05.2019,2.9338,2.9527,0.0189,
spider,algae,M1,,algae_10,34,15.05.2019,3.0003,3.016,0.0157,
spider,algae,M1,,algae_10,34,22.05.2019,3.0189,3.0334,0.0145,
spider,algae,M1,,algae_10,34,29.04.2019,2.9676,2.9808,0.0132,
spider,algae,M1,,algae_16,37,08.05.2019,2.9297,2.9588,0.0291,
spider,algae,M1,,algae_16,37,15.05.2019,2.9759,3.0011,0.0252,
spider,algae,M1,,algae_16,37,22.05.2019,3.0093,3.037,0.0277,
spider,algae,M1,,algae_16,37,29.05.2019,2.9406,2.9663,0.0257,
spider,algae,M1,,algae_16,37,05.06.2019,3.2297,3.2609,0.0312,
spider,algae,M1,,algae_16,37,12.06.2019,3.2622,3.2927,0.0305,"rainy day, might be wet"
spider,algae,M1,,algae_16,37,29.04.2019,2.9658,2.9928,0.027,
spider,algae,M1,,algae_3,40,08.05.2019,2.9317,2.9537,0.022,
spider,algae,M1,,algae_3,40,15.05.2019,2.9752,2.9952,0.02,
spider,algae,M1,,algae_3,40,22.05.2019,2.9824,3.0028,0.0204,
spider,algae,M1,,algae_3,40,29.04.2019,2.9613,2.9853,0.024,
spider,algae,M1,,algae_6,41,08.05.2019,2.9233,2.9522,0.0289,
spider,algae,M1,,algae_6,41,15.05.2019,2.9767,3.0019,0.0252,
spider,algae,M1,,algae_6,41,22.05.2019,3.0141,3.0479,0.0338,dead
spider,algae,M1,,algae_6,41,29.04.2019,2.9653,2.9916,0.0263,
spider,algae,M1,,algae_14,62,08.05.2019,2.9338,2.9537,0.0199,
spider,algae,M1,,algae_14,62,15.05.2019,2.9968,3.0156,0.0188,
spider,algae,M1,,algae_14,62,22.05.2019,3.1307,3.1457,0.015,
spider,algae,M1,,algae_14,62,29.05.2019,3.0085,3.0344,0.0259,
spider,algae,M1,,algae_14,62,05.06.2019,1.9484,1.9652,0.0168,dead
spider,algae,M1,,algae_14,62,29.04.2019,2.9675,2.9851,0.0176,
spider,algae,M1,,algae_2,75,08.05.2019,2.9308,2.9452,0.0144,
spider,algae,M1,,algae_2,75,15.05.2019,2.9995,3.0165,0.017,
spider,algae,M1,,algae_2,75,22.05.2019,2.9779,2.9985,0.0206,
spider,algae,M1,,algae_2,75,29.05.2019,3.0078,3.0256,0.0178,
spider,algae,M1,,algae_2,75,05.06.2019,3.2475,3.2686,0.0211,
spider,algae,M1,,algae_2,75,12.06.2019,3.2637,3.2868,0.0231,"rainy day, might be wet"
spider,algae,M1,,algae_2,75,29.04.2019,3.0029,3.0185,0.0156,
spider,algae,M1,,algae_20,77,08.05.2019,2.9248,2.9479,0.0231,
spider,algae,M1,,algae_20,77,15.05.2019,2.9747,2.9972,0.0225,
spider,algae,M1,,algae_20,77,22.05.2019,2.9802,3.0067,0.0265,
spider,algae,M1,,algae_20,77,29.05.2019,3.005,3.0314,0.0264,
spider,algae,M1,,algae_20,77,05.06.2019,1.3264,1.3381,0.0117,dead
spider,algae,M1,,algae_20,77,29.04.2019,3.0043,3.0207,0.0164,
spider,algae,M1,,algae_5,82,08.05.2019,2.9239,2.9417,0.0178,
spider,algae,M1,,algae_5,82,15.05.2019,2.9735,2.9965,0.023,
spider,algae,M1,,algae_5,82,22.05.2019,3.0164,3.0378,0.0214,dead
spider,algae,M1,,algae_5,82,29.04.2019,2.9704,2.9855,0.0151,
spider,algae,M1,,algae_4,122,08.05.2019,2.9353,2.9646,0.0293,
spider,algae,M1,,algae_4,122,15.05.2019,2.977,3.0047,0.0277,molting
spider,algae,M1,,algae_4,122,22.05.2019,3.011,3.0423,0.0313,
spider,algae,M1,,algae_4,88,22.05.2019,1.9189,1.9388,0.0199,frozen since death ~-80°C
spider,algae,M1,,algae_4,122,29.05.2019,2.9394,2.9702,0.0308,
spider,algae,M1,,algae_4,122,05.06.2019,1.9224,1.9334,0.011,dead
spider,algae,M1,,algae_4,88,29.04.2019,2.9676,2.9901,0.0225,
spider,algae,M1,,algae_8,89,08.05.2019,2.9297,2.9498,0.0201,
spider,algae,M1,,algae_8,89,15.05.2019,2.9767,2.9939,0.0172,
spider,algae,M1,,algae_8,89,22.05.2019,2.9836,3.0005,0.0169,
spider,algae,M1,,algae_8,89,29.05.2019,3.0089,3.0135,0.0046,"dead, opisthosoma missing!"
spider,algae,M1,,algae_8,89,29.04.2019,3.0015,3.0217,0.0202,
spider,algae,M1,,algae_18,92,08.05.2019,2.969,2.9896,0.0206,dead inside aerarium
spider,algae,M1,,algae_18,92,22.05.2019,1.9549,1.9723,0.0174,frozen since death ~-80°C
spider,algae,M1,,algae_18,92,29.04.2019,2.9676,2.9897,0.0221,
spider,algae,M1,,algae_12,97,08.05.2019,2.9226,2.9373,0.0147,
spider,algae,M1,,algae_12,97,15.05.2019,2.9748,2.9876,0.0128,
spider,algae,M1,,algae_12,97,22.05.2019,2.9842,2.9941,0.0099,
spider,algae,M1,,algae_12,97,29.05.2019,3.0017,3.018,0.0163,
spider,algae,M1,,algae_12,97,05.06.2019,2.9626,2.9812,0.0186,
spider,algae,M1,,algae_12,97,12.06.2019,3.238,3.2561,0.0181,rainy day
spider,algae,M1,,algae_12,97,29.04.2019,3.0012,3.0193,0.0181,
spider,algae,M1,,algae_17,100,08.05.2019,2.9715,2.9877,0.0162,
spider,algae,M1,,algae_17,100,22.05.2019,2.9767,2.994,0.0173,
spider,algae,M1,,algae_13,103,08.05.2019,2.9778,2.9873,0.0095,
spider,algae,M1,,algae_13,103,15.05.2019,2.9755,2.9879,0.0124,
spider,algae,M1,,algae_13,103,22.05.2019,3.0212,3.0351,0.0139,
spider,algae,M1,,algae_13,103,29.04.2019,3.0022,3.0157,0.0135,
spider,algae,M1,,algae_1,104,08.05.2019,2.9306,2.9447,0.0141,
spider,algae,M1,,algae_1,104,15.05.2019,2.9974,3.0154,0.018,
spider,algae,M1,,algae_1,104,22.05.2019,3.023,3.0351,0.0121,dead
spider,algae,M1,,algae_1,104,29.04.2019,2.9662,2.9795,0.0133,
spider,algae,M1,,algae_19,124,08.05.2019,2.9378,2.9562,0.0184,
spider,algae,M1,,algae_19,124,15.05.2019,2.9785,2.9938,0.0153,
spider,algae,M1,,algae_19,124,22.05.2019,3.0228,3.0371,0.0143,
spider,algae,M1,,algae_19,105,29.04.2019,3.0018,3.0205,0.0187,
spider,algae,M1,,algae_11,114,08.05.2019,2.935,2.9591,0.0241,
spider,algae,M1,,algae_11,114,15.05.2019,2.9752,2.9967,0.0215,
spider,algae,M1,,algae_11,114,22.05.2019,3.0196,3.0399,0.0203,
spider,algae,M1,,algae_11,114,29.04.2019,2.9676,2.991,0.0234,
spider,algae,M1,,algae_9,116,08.05.2019,2.9341,2.9561,0.022,
spider,algae,M1,,algae_9,116,15.05.2019,2.9955,3.0195,0.024,
spider,algae,M1,,algae_9,116,22.05.2019,2.9622,2.9865,0.0243,
spider,algae,M1,,algae_9,116,29.05.2019,2.9403,2.9629,0.0226,
spider,algae,M1,,algae_9,116,05.06.2019,1.9028,1.91,0.0072,dead
spider,algae,M1,,algae_9,116,29.04.2019,2.968,2.9887,0.0207,
spider,algae,M1,,algae_7,118,08.05.2019,2.9229,2.942,0.0191,
spider,algae,M1,,algae_7,118,15.05.2019,2.9742,2.9909,0.0167,
spider,algae,M1,,algae_7,118,22.05.2019,2.9805,2.9996,0.0191,
spider,algae,M1,,algae_7,118,29.05.2019,2.9406,2.9573,0.0167,
spider,algae,M1,,algae_7,118,29.04.2019,2.9681,2.9882,0.0201,
spider,algae,M1,,algae_4,122,03.05.2019,3,3.0308,0.0308,replace spider
spider,algae,M1,,algae_19,124,03.05.2019,3.0075,3.0211,0.0136,replace spider
spider,algae,M1,,algae_19,124,07.05.2019,3.0014,3.0161,0.0147,"1 algae chiro, in algae 19, because previous spider died during molting, replace spider"
spider,algae,M1,,algae_19,105,22.05.2019,1.9498,1.9652,0.0154,frozen since death ~-80°C
